target,collocate,exp_local,obs_local,ratio_local,obs_global,p_value
气,之,22.508794788273615,32,1.4216665219530549,759,0.030765104528735154
气,公干,0.5041495538875513,5,9.91769200516883,17,0.00010442015062195331
气,文,1.8090072227729783,5,2.7639469522601656,61,0.034527818361006046
气,辞,1.304857668885427,5,3.8318355474515933,44,0.009474128979425234
气,不可,1.0972666761082,4,3.6454219262242185,37,0.023378697902566192
气,孔融,0.26690270499929186,3,11.240050939191342,9,0.0019106327286809721
气,志,0.26690270499929186,3,11.240050939191342,9,0.0019106327286809721
气,使,0.7413964027758108,3,4.046418338108882,25,0.03681733480013727
气,总,0.44483784166548646,3,6.744030563514804,15,0.00906204443754477
气,衰,0.0889675683330973,3,33.72015281757402,3,2.6008955625711947e-05
气,元,0.23724684888825945,2,8.430038204393506,8,0.02184585727102628
气,长于,0.1779351366661946,2,11.24005093919134,6,0.01217353295397472
气,徐,0.0889675683330973,2,22.48010187838268,3,0.002583946185682524
气,体,0.20759099277722703,2,9.63432937644972,7,0.016709999306628864
气,高妙,0.05931171222206486,2,33.720152817574025,2,0.0008786546990140112
气,文以,0.1779351366661946,2,11.24005093919134,6,0.01217353295397472
气,为主,0.14827928055516215,2,13.488061127029608,5,0.008277814675474837
气,清浊,0.23724684888825945,2,8.430038204393506,8,0.02184585727102628
气,有体,0.0889675683330973,2,22.48010187838268,3,0.002583946185682524
气,力强,0.0889675683330973,2,22.48010187838268,3,0.002583946185682524
气,而致,0.0889675683330973,2,22.48010187838268,3,0.002583946185682524
气,遒,0.14827928055516215,2,13.488061127029608,5,0.008277814675474837
气,当时,0.1779351366661946,2,11.24005093919134,6,0.01217353295397472
气,清,0.1779351366661946,2,11.24005093919134,6,0.01217353295397472
气,乘,0.3558702733323892,2,5.62002546959567,12,0.04762050325651623
气,桓,0.32621441722135675,2,6.13093687592255,11,0.04046404810965831
气,韵,0.26690270499929186,2,7.493367292794227,9,0.027541635743044024
气,刚柔,0.1779351366661946,2,11.24005093919134,6,0.01217353295397472
气,情性,0.23724684888825945,2,8.430038204393506,8,0.02184585727102628
气,英华,0.1779351366661946,2,11.24005093919134,6,0.01217353295397472
气,耳目,0.1779351366661946,2,11.24005093919134,6,0.01217353295397472
气,以任,0.05931171222206486,2,33.720152817574025,2,0.0008786546990140112
气,大略,0.14827928055516215,2,13.488061127029608,5,0.008277814675474837
气,置,0.14827928055516215,2,13.488061127029608,5,0.008277814675474837
气,法家,0.0889675683330973,2,22.48010187838268,3,0.002583946185682524
气,祢衡,0.11862342444412972,2,16.860076408787013,4,0.005066164067968132
气,关键,0.0889675683330973,2,22.48010187838268,3,0.002583946185682524
气,王充,0.05931171222206486,2,33.720152817574025,2,0.0008786546990140112
气,肇自血,0.05931171222206486,2,33.720152817574025,2,0.0008786546990140112
气,羞,0.05931171222206486,2,33.720152817574025,2,0.0008786546990140112
气,步,0.05931171222206486,2,33.720152817574025,2,0.0008786546990140112
气,思锐,0.05931171222206486,2,33.720152817574025,2,0.0008786546990140112
气,干时,0.02965585611103243,1,33.720152817574025,1,0.02965585610908241
气,有齐,0.02965585611103243,1,33.720152817574025,1,0.02965585610908241
气,过人,0.02965585611103243,1,33.720152817574025,1,0.02965585610908241
气,不齐,0.02965585611103243,1,33.720152817574025,1,0.02965585610908241
气,有素,0.02965585611103243,1,33.720152817574025,1,0.02965585610908241
气,父兄,0.02965585611103243,1,33.720152817574025,1,0.02965585610908241
气,以移,0.02965585611103243,1,33.720152817574025,1,0.02965585610908241
气,子弟,0.02965585611103243,1,33.720152817574025,1,0.02965585610908241
气,有逸,0.02965585611103243,1,33.720152817574025,1,0.02965585610908241
气,妙绝,0.02965585611103243,1,33.720152817574025,1,0.02965585610908241
气,芬馥,0.02965585611103243,1,33.720152817574025,1,0.02965585610908241
气,非容,0.02965585611103243,1,33.720152817574025,1,0.02965585610908241
气,所假,0.02965585611103243,1,33.720152817574025,1,0.02965585610908241
气,虽虞夏,0.02965585611103243,1,33.720152817574025,1,0.02965585610908241
气,怀灵,0.02965585611103243,1,33.720152817574025,1,0.02965585610908241
气,清辞丽曲,0.02965585611103243,1,33.720152817574025,1,0.02965585610908241
气,芜音,0.02965585611103243,1,33.720152817574025,1,0.02965585610908241
气,固亦多,0.02965585611103243,1,33.720152817574025,1,0.02965585610908241
气,仲宣以,0.02965585611103243,1,33.720152817574025,1,0.02965585610908241
气,质为体,0.02965585611103243,1,33.720152817574025,1,0.02965585610908241
气,标能,0.02965585611103243,1,33.720152817574025,1,0.02965585610908241
气,独映,0.02965585611103243,1,33.720152817574025,1,0.02965585610908241
气,仲文始,0.02965585611103243,1,33.720152817574025,1,0.02965585610908241
气,革孙,0.02965585611103243,1,33.720152817574025,1,0.02965585610908241
气,许之风,0.02965585611103243,1,33.720152817574025,1,0.02965585610908241
气,大变,0.02965585611103243,1,33.720152817574025,1,0.02965585610908241
气,太元,0.02965585611103243,1,33.720152817574025,1,0.02965585610908241
气,蕴思,0.02965585611103243,1,33.720152817574025,1,0.02965585610908241
气,内运,0.02965585611103243,1,33.720152817574025,1,0.02965585610908241
气,落纸,0.02965585611103243,1,33.720152817574025,1,0.02965585610908241
气,郭璞举,0.02965585611103243,1,33.720152817574025,1,0.02965585610908241
气,灵变,0.02965585611103243,1,33.720152817574025,1,0.02965585610908241
气,极其,0.02965585611103243,1,33.720152817574025,1,0.02965585610908241
气,仲文玄,0.02965585611103243,1,33.720152817574025,1,0.02965585610908241
气,谢混情,0.02965585611103243,1,33.720152817574025,1,0.02965585610908241
气,得名,0.02965585611103243,1,33.720152817574025,1,0.02965585610908241
气,未盛,0.02965585611103243,1,33.720152817574025,1,0.02965585610908241
气,蛾眉,0.02965585611103243,1,33.720152817574025,1,0.02965585610908241
气,同貌,0.02965585611103243,1,33.720152817574025,1,0.02965585610908241
气,而俱动,0.02965585611103243,1,33.720152817574025,1,0.02965585610908241
气,于魄,0.02965585611103243,1,33.720152817574025,1,0.02965585610908241
气,芳草,0.02965585611103243,1,33.720152817574025,1,0.02965585610908241
气,宁其,0.02965585611103243,1,33.720152817574025,1,0.02965585610908241
气,而皆悦,0.02965585611103243,1,33.720152817574025,1,0.02965585610908241
气,魂,0.02965585611103243,1,33.720152817574025,1,0.02965585610908241
气,不其然,0.02965585611103243,1,33.720152817574025,1,0.02965585610908241
气,成采,0.02965585611103243,1,33.720152817574025,1,0.02965585610908241
气,轹古,0.02965585611103243,1,33.720152817574025,1,0.02965585610908241
气,辞来切,0.02965585611103243,1,33.720152817574025,1,0.02965585610908241
气,惊采绝艳,0.02965585611103243,1,33.720152817574025,1,0.02965585610908241
气,并怜,0.02965585611103243,1,33.720152817574025,1,0.02965585610908241
气,风月,0.02965585611103243,1,33.720152817574025,1,0.02965585610908241
气,狎,0.02965585611103243,1,33.720152817574025,1,0.02965585610908241
气,池苑,0.02965585611103243,1,33.720152817574025,1,0.02965585610908241
气,恩荣,0.02965585611103243,1,33.720152817574025,1,0.02965585610908241
气,叙酣宴,0.02965585611103243,1,33.720152817574025,1,0.02965585610908241
气,以使,0.02965585611103243,1,33.720152817574025,1,0.02965585610908241
气,匹夫庶妇,0.02965585611103243,1,33.720152817574025,1,0.02965585610908241
气,诗官,0.02965585611103243,1,33.720152817574025,1,0.02965585610908241
气,采言,0.02965585611103243,1,33.720152817574025,1,0.02965585610908241
气,乐盲,0.02965585611103243,1,33.720152817574025,1,0.02965585610908241
气,被律,0.02965585611103243,1,33.720152817574025,1,0.02965585610908241
气,志感,0.02965585611103243,1,33.720152817574025,1,0.02965585610908241
气,丝篁,0.02965585611103243,1,33.720152817574025,1,0.02965585610908241
气,崇礼,0.02965585611103243,1,33.720152817574025,1,0.02965585610908241
气,赵代之音,0.02965585611103243,1,33.720152817574025,1,0.02965585610908241
气,曼声,0.02965585611103243,1,33.720152817574025,1,0.02965585610908241
气,协律,0.02965585611103243,1,33.720152817574025,1,0.02965585610908241
气,朱马,0.02965585611103243,1,33.720152817574025,1,0.02965585610908241
气,以骚,0.02965585611103243,1,33.720152817574025,1,0.02965585610908241
气,桂华,0.02965585611103243,1,33.720152817574025,1,0.02965585610908241
气,杂曲,0.02965585611103243,1,33.720152817574025,1,0.02965585610908241
气,祖,0.02965585611103243,1,33.720152817574025,1,0.02965585610908241
气,爽,0.02965585611103243,1,33.720152817574025,1,0.02965585610908241
气,才丽,0.02965585611103243,1,33.720152817574025,1,0.02965585610908241
气,宰割,0.02965585611103243,1,33.720152817574025,1,0.02965585610908241
气,辞调,0.02965585611103243,1,33.720152817574025,1,0.02965585610908241
气,音靡,0.02965585611103243,1,33.720152817574025,1,0.02965585610908241
气,节平,0.02965585611103243,1,33.720152817574025,1,0.02965585610908241
气,臧洪,0.02965585611103243,1,33.720152817574025,1,0.02965585610908241
气,歃辞,0.02965585611103243,1,33.720152817574025,1,0.02965585610908241
气,截,0.02965585611103243,1,33.720152817574025,1,0.02965585610908241
气,藻溢于,0.02965585611103243,1,33.720152817574025,1,0.02965585610908241
气,辞盈乎,0.02965585611103243,1,33.720152817574025,1,0.02965585610908241
气,负俗,0.02965585611103243,1,33.720152817574025,1,0.02965585610908241
气,始造,0.02965585611103243,1,33.720152817574025,1,0.02965585610908241
气,以申,0.02965585611103243,1,33.720152817574025,1,0.02965585610908241
气,放怀,0.02965585611103243,1,33.720152817574025,1,0.02965585610908241
气,实使,0.02965585611103243,1,33.720152817574025,1,0.02965585610908241
气,御寇,0.02965585611103243,1,33.720152817574025,1,0.02965585610908241
气,伟而,0.02965585611103243,1,33.720152817574025,1,0.02965585610908241
气,采奇,0.02965585611103243,1,33.720152817574025,1,0.02965585610908241
气,泛采,0.02965585611103243,1,33.720152817574025,1,0.02965585610908241
气,封策,0.02965585611103243,1,33.720152817574025,1,0.02965585610908241
气,风雨,0.02965585611103243,1,33.720152817574025,1,0.02965585610908241
气,之润,0.02965585611103243,1,33.720152817574025,1,0.02965585610908241
气,非唯致果,0.02965585611103243,1,33.720152817574025,1,0.02965585610908241
气,为毅,0.02965585611103243,1,33.720152817574025,1,0.02965585610908241
气,亦且,0.02965585611103243,1,33.720152817574025,1,0.02965585610908241
气,厉辞,0.02965585611103243,1,33.720152817574025,1,0.02965585610908241
气,使声,0.02965585611103243,1,33.720152817574025,1,0.02965585610908241
气,冲风,0.02965585611103243,1,33.720152817574025,1,0.02965585610908241
气,所击,0.02965585611103243,1,33.720152817574025,1,0.02965585610908241
气,欃枪,0.02965585611103243,1,33.720152817574025,1,0.02965585610908241
气,所扫,0.02965585611103243,1,33.720152817574025,1,0.02965585610908241
气,奋其,0.02965585611103243,1,33.720152817574025,1,0.02965585610908241
气,武怒,0.02965585611103243,1,33.720152817574025,1,0.02965585610908241
气,罪人,0.02965585611103243,1,33.720152817574025,1,0.02965585610908241
气,惩其,0.02965585611103243,1,33.720152817574025,1,0.02965585610908241
气,恶稔,0.02965585611103243,1,33.720152817574025,1,0.02965585610908241
气,辞缓,0.02965585611103243,1,33.720152817574025,1,0.02965585610908241
气,露板,0.02965585611103243,1,33.720152817574025,1,0.02965585610908241
气,宣众,0.02965585611103243,1,33.720152817574025,1,0.02965585610908241
气,使义,0.02965585611103243,1,33.720152817574025,1,0.02965585610908241
气,必事昭而理,0.02965585611103243,1,33.720152817574025,1,0.02965585610908241
气,盛而,0.02965585611103243,1,33.720152817574025,1,0.02965585610908241
气,辞断,0.02965585611103243,1,33.720152817574025,1,0.02965585610908241
气,此其要,0.02965585611103243,1,33.720152817574025,1,0.02965585610908241
气,体乏,0.02965585611103243,1,33.720152817574025,1,0.02965585610908241
气,之荐,0.02965585611103243,1,33.720152817574025,1,0.02965585610908241
气,采飞,0.02965585611103243,1,33.720152817574025,1,0.02965585610908241
气,故位,0.02965585611103243,1,33.720152817574025,1,0.02965585610908241
气,鸷击,0.02965585611103243,1,33.720152817574025,1,0.02965585610908241
气,砥砺,0.02965585611103243,1,33.720152817574025,1,0.02965585610908241
气,振风,0.02965585611103243,1,33.720152817574025,1,0.02965585610908241
气,简上,0.02965585611103243,1,33.720152817574025,1,0.02965585610908241
气,凝霜,0.02965585611103243,1,33.720152817574025,1,0.02965585610908241
气,儒家,0.02965585611103243,1,33.720152817574025,1,0.02965585610908241
气,不畏,0.02965585611103243,1,33.720152817574025,1,0.02965585610908241
气,流墨,0.02965585611103243,1,33.720152817574025,1,0.02965585610908241
气,无纵,0.02965585611103243,1,33.720152817574025,1,0.02965585610908241
气,诡随,0.02965585611103243,1,33.720152817574025,1,0.02965585610908241
气,声动,0.02965585611103243,1,33.720152817574025,1,0.02965585610908241
气,简外,0.02965585611103243,1,33.720152817574025,1,0.02965585610908241
气,绝席,0.02965585611103243,1,33.720152817574025,1,0.02965585610908241
气,之雄,0.02965585611103243,1,33.720152817574025,1,0.02965585610908241
气,直方,0.02965585611103243,1,33.720152817574025,1,0.02965585610908241
气,鲁丕,0.02965585611103243,1,33.720152817574025,1,0.02965585610908241
气,中策,0.02965585611103243,1,33.720152817574025,1,0.02965585610908241
气,独入,0.02965585611103243,1,33.720152817574025,1,0.02965585610908241
气,汉来,0.02965585611103243,1,33.720152817574025,1,0.02965585610908241
气,任安,0.02965585611103243,1,33.720152817574025,1,0.02965585610908241
气,杨恽,0.02965585611103243,1,33.720152817574025,1,0.02965585610908241
气,之酬,0.02965585611103243,1,33.720152817574025,1,0.02965585610908241
气,会宗,0.02965585611103243,1,33.720152817574025,1,0.02965585610908241
气,子云之答,0.02965585611103243,1,33.720152817574025,1,0.02965585610908241
气,含殊,0.02965585611103243,1,33.720152817574025,1,0.02965585610908241
气,尽言,0.02965585611103243,1,33.720152817574025,1,0.02965585610908241
气,散,0.02965585611103243,1,33.720152817574025,1,0.02965585610908241
气,涤畅,0.02965585611103243,1,33.720152817574025,1,0.02965585610908241
气,以怿怀,0.02965585611103243,1,33.720152817574025,1,0.02965585610908241
气,神居,0.02965585611103243,1,33.720152817574025,1,0.02965585610908241
气,统其,0.02965585611103243,1,33.720152817574025,1,0.02965585610908241
气,搦,0.02965585611103243,1,33.720152817574025,1,0.02965585610908241
气,辞前,0.02965585611103243,1,33.720152817574025,1,0.02965585610908241
气,半折,0.02965585611103243,1,33.720152817574025,1,0.02965585610908241
气,心始,0.02965585611103243,1,33.720152817574025,1,0.02965585610908241
气,意翻,0.02965585611103243,1,33.720152817574025,1,0.02965585610908241
气,空而易奇,0.02965585611103243,1,33.720152817574025,1,0.02965585610908241
气,腐毫,0.02965585611103243,1,33.720152817574025,1,0.02965585610908241
气,辍翰,0.02965585611103243,1,33.720152817574025,1,0.02965585610908241
气,惊梦,0.02965585611103243,1,33.720152817574025,1,0.02965585610908241
气,谭疾,0.02965585611103243,1,33.720152817574025,1,0.02965585610908241
气,感于,0.02965585611103243,1,33.720152817574025,1,0.02965585610908241
气,苦思,0.02965585611103243,1,33.720152817574025,1,0.02965585610908241
气,竭于,0.02965585611103243,1,33.720152817574025,1,0.02965585610908241
气,研京以,0.02965585611103243,1,33.720152817574025,1,0.02965585610908241
气,十年,0.02965585611103243,1,33.720152817574025,1,0.02965585610908241
气,一纪,0.02965585611103243,1,33.720152817574025,1,0.02965585610908241
气,有庸俊,0.02965585611103243,1,33.720152817574025,1,0.02965585610908241
气,学有,0.02965585611103243,1,33.720152817574025,1,0.02965585610908241
气,习有,0.02965585611103243,1,33.720152817574025,1,0.02965585610908241
气,所铄,0.02965585611103243,1,33.720152817574025,1,0.02965585610908241
气,陶染,0.02965585611103243,1,33.720152817574025,1,0.02965585610908241
气,风趣,0.02965585611103243,1,33.720152817574025,1,0.02965585610908241
气,改其,0.02965585611103243,1,33.720152817574025,1,0.02965585610908241
气,功以,0.02965585611103243,1,33.720152817574025,1,0.02965585610908241
气,学成,0.02965585611103243,1,33.720152817574025,1,0.02965585610908241
气,志以,0.02965585611103243,1,33.720152817574025,1,0.02965585610908241
气,定言,0.02965585611103243,1,33.720152817574025,1,0.02965585610908241
气,褊,0.02965585611103243,1,33.720152817574025,1,0.02965585610908241
气,故言壮,0.02965585611103243,1,33.720152817574025,1,0.02965585610908241
气,情骇,0.02965585611103243,1,33.720152817574025,1,0.02965585610908241
气,恒资,0.02965585611103243,1,33.720152817574025,1,0.02965585610908241
气,风冠,0.02965585611103243,1,33.720152817574025,1,0.02965585610908241
气,其首,0.02965585611103243,1,33.720152817574025,1,0.02965585610908241
气,斯乃化,0.02965585611103243,1,33.720152817574025,1,0.02965585610908241
气,之待骨,0.02965585611103243,1,33.720152817574025,1,0.02965585610908241
气,如体,0.02965585611103243,1,33.720152817574025,1,0.02965585610908241
气,树骸,0.02965585611103243,1,33.720152817574025,1,0.02965585610908241
气,情之,0.02965585611103243,1,33.720152817574025,1,0.02965585610908241
气,含风,0.02965585611103243,1,33.720152817574025,1,0.02965585610908241
气,犹形,0.02965585611103243,1,33.720152817574025,1,0.02965585610908241
气,之包,0.02965585611103243,1,33.720152817574025,1,0.02965585610908241
气,骏爽,0.02965585611103243,1,33.720152817574025,1,0.02965585610908241
气,文风,0.02965585611103243,1,33.720152817574025,1,0.02965585610908241
气,清焉,0.02965585611103243,1,33.720152817574025,1,0.02965585610908241
气,裁篇,0.02965585611103243,1,33.720152817574025,1,0.02965585610908241
气,务盈守,0.02965585611103243,1,33.720152817574025,1,0.02965585610908241
气,既实,0.02965585611103243,1,33.720152817574025,1,0.02965585610908241
气,乃新,0.02965585611103243,1,33.720152817574025,1,0.02965585610908241
气,征鸟,0.02965585611103243,1,33.720152817574025,1,0.02965585610908241
气,使翼,0.02965585611103243,1,33.720152817574025,1,0.02965585610908241
气,思不,0.02965585611103243,1,33.720152817574025,1,0.02965585610908241
气,环周,0.02965585611103243,1,33.720152817574025,1,0.02965585610908241
气,索莫乏,0.02965585611103243,1,33.720152817574025,1,0.02965585610908241
气,无风,0.02965585611103243,1,33.720152817574025,1,0.02965585610908241
气,赋仙,0.02965585611103243,1,33.720152817574025,1,0.02965585610908241
气,故其论,0.02965585611103243,1,33.720152817574025,1,0.02965585610908241
气,云体,0.02965585611103243,1,33.720152817574025,1,0.02965585610908241
气,云时,0.02965585611103243,1,33.720152817574025,1,0.02965585610908241
气,信含,0.02965585611103243,1,33.720152817574025,1,0.02965585610908241
气,笔墨,0.02965585611103243,1,33.720152817574025,1,0.02965585610908241
气,之性,0.02965585611103243,1,33.720152817574025,1,0.02965585610908241
气,并重,0.02965585611103243,1,33.720152817574025,1,0.02965585610908241
气,翰飞,0.02965585611103243,1,33.720152817574025,1,0.02965585610908241
气,骨劲,0.02965585611103243,1,33.720152817574025,1,0.02965585610908241
气,猛,0.02965585611103243,1,33.720152817574025,1,0.02965585610908241
气,辞共体,0.02965585611103243,1,33.720152817574025,1,0.02965585610908241
气,风昧,0.02965585611103243,1,33.720152817574025,1,0.02965585610908241
气,长辔远驭,0.02965585611103243,1,33.720152817574025,1,0.02965585610908241
气,按节,0.02965585611103243,1,33.720152817574025,1,0.02965585610908241
气,凭情,0.02965585611103243,1,33.720152817574025,1,0.02965585610908241
气,采如,0.02965585611103243,1,33.720152817574025,1,0.02965585610908241
气,之奋,0.02965585611103243,1,33.720152817574025,1,0.02965585610908241
气,鬐,0.02965585611103243,1,33.720152817574025,1,0.02965585610908241
气,光若,0.02965585611103243,1,33.720152817574025,1,0.02965585610908241
气,长离,0.02965585611103243,1,33.720152817574025,1,0.02965585610908241
气,振翼,0.02965585611103243,1,33.720152817574025,1,0.02965585610908241
气,所谈,0.02965585611103243,1,33.720152817574025,1,0.02965585610908241
气,声合,0.02965585611103243,1,33.720152817574025,1,0.02965585610908241
气,乐歌,0.02965585611103243,1,33.720152817574025,1,0.02965585610908241
气,力穷于,0.02965585611103243,1,33.720152817574025,1,0.02965585610908241
气,和韵,0.02965585611103243,1,33.720152817574025,1,0.02965585610908241
气,一定,0.02965585611103243,1,33.720152817574025,1,0.02965585610908241
气,易遣,0.02965585611103243,1,33.720152817574025,1,0.02965585610908241
气,改韵,0.02965585611103243,1,33.720152817574025,1,0.02965585610908241
气,两韵辄易,0.02965585611103243,1,33.720152817574025,1,0.02965585610908241
气,无奇,0.02965585611103243,1,33.720152817574025,1,0.02965585610908241
气,文乏,0.02965585611103243,1,33.720152817574025,1,0.02965585610908241
气,昏睡,0.02965585611103243,1,33.720152817574025,1,0.02965585610908241
气,宫殿,0.02965585611103243,1,33.720152817574025,1,0.02965585610908241
气,揭业,0.02965585611103243,1,33.720152817574025,1,0.02965585610908241
气,熠燿,0.02965585611103243,1,33.720152817574025,1,0.02965585610908241
气,焜,0.02965585611103243,1,33.720152817574025,1,0.02965585610908241
气,煌,0.02965585611103243,1,33.720152817574025,1,0.02965585610908241
气,挟声,0.02965585611103243,1,33.720152817574025,1,0.02965585610908241
气,腾掷,0.02965585611103243,1,33.720152817574025,1,0.02965585610908241
气,跼,0.02965585611103243,1,33.720152817574025,1,0.02965585610908241
气,鹏运,0.02965585611103243,1,33.720152817574025,1,0.02965585610908241
气,鸿渐,0.02965585611103243,1,33.720152817574025,1,0.02965585610908241
气,寒而事伤,0.02965585611103243,1,33.720152817574025,1,0.02965585610908241
气,覉,0.02965585611103243,1,33.720152817574025,1,0.02965585610908241
气,旅,0.02965585611103243,1,33.720152817574025,1,0.02965585610908241
气,怨曲,0.02965585611103243,1,33.720152817574025,1,0.02965585610908241
气,制养,0.02965585611103243,1,33.720152817574025,1,0.02965585610908241
气,验己,0.02965585611103243,1,33.720152817574025,1,0.02965585610908241
气,虚造,0.02965585611103243,1,33.720152817574025,1,0.02965585610908241
气,钻砺,0.02965585611103243,1,33.720152817574025,1,0.02965585610908241
气,过分,0.02965585611103243,1,33.720152817574025,1,0.02965585610908241
气,神疲而,0.02965585611103243,1,33.720152817574025,1,0.02965585610908241
气,凡童,0.02965585611103243,1,33.720152817574025,1,0.02965585610908241
气,少鉴,0.02965585611103243,1,33.720152817574025,1,0.02965585610908241
气,而志盛,0.02965585611103243,1,33.720152817574025,1,0.02965585610908241
气,长艾,0.02965585611103243,1,33.720152817574025,1,0.02965585610908241
气,识坚,0.02965585611103243,1,33.720152817574025,1,0.02965585610908241
气,盛者,0.02965585611103243,1,33.720152817574025,1,0.02965585610908241
气,以胜劳,0.02965585611103243,1,33.720152817574025,1,0.02965585610908241
气,衰者虑,0.02965585611103243,1,33.720152817574025,1,0.02965585610908241
气,伤神,0.02965585611103243,1,33.720152817574025,1,0.02965585610908241
气,斯实,0.02965585611103243,1,33.720152817574025,1,0.02965585610908241
气,中人,0.02965585611103243,1,33.720152817574025,1,0.02965585610908241
气,之常资,0.02965585611103243,1,33.720152817574025,1,0.02965585610908241
气,岁时,0.02965585611103243,1,33.720152817574025,1,0.02965585610908241
气,器分,0.02965585611103243,1,33.720152817574025,1,0.02965585610908241
气,有限,0.02965585611103243,1,33.720152817574025,1,0.02965585610908241
气,智用,0.02965585611103243,1,33.720152817574025,1,0.02965585610908241
气,惭凫企鹤,0.02965585611103243,1,33.720152817574025,1,0.02965585610908241
气,沥辞,0.02965585611103243,1,33.720152817574025,1,0.02965585610908241
气,镌思,0.02965585611103243,1,33.720152817574025,1,0.02965585610908241
气,内销,0.02965585611103243,1,33.720152817574025,1,0.02965585610908241
气,尾闾,0.02965585611103243,1,33.720152817574025,1,0.02965585610908241
气,之波,0.02965585611103243,1,33.720152817574025,1,0.02965585610908241
气,神志,0.02965585611103243,1,33.720152817574025,1,0.02965585610908241
气,外伤,0.02965585611103243,1,33.720152817574025,1,0.02965585610908241
气,牛山,0.02965585611103243,1,33.720152817574025,1,0.02965585610908241
气,销铄,0.02965585611103243,1,33.720152817574025,1,0.02965585610908241
气,精胆,0.02965585611103243,1,33.720152817574025,1,0.02965585610908241
气,蹙迫,0.02965585611103243,1,33.720152817574025,1,0.02965585610908241
气,秉牍,0.02965585611103243,1,33.720152817574025,1,0.02965585610908241
气,驱龄,0.02965585611103243,1,33.720152817574025,1,0.02965585610908241
气,洒翰,0.02965585611103243,1,33.720152817574025,1,0.02965585610908241
气,以伐性,0.02965585611103243,1,33.720152817574025,1,0.02965585610908241
气,素心,0.02965585611103243,1,33.720152817574025,1,0.02965585610908241
气,节宣,0.02965585611103243,1,33.720152817574025,1,0.02965585610908241
气,条畅,0.02965585611103243,1,33.720152817574025,1,0.02965585610908241
气,烦而,0.02965585611103243,1,33.720152817574025,1,0.02965585610908241
气,即舍,0.02965585611103243,1,33.720152817574025,1,0.02965585610908241
气,壅滞,0.02965585611103243,1,33.720152817574025,1,0.02965585610908241
气,意得,0.02965585611103243,1,33.720152817574025,1,0.02965585610908241
气,舒怀,0.02965585611103243,1,33.720152817574025,1,0.02965585610908241
气,命笔,0.02965585611103243,1,33.720152817574025,1,0.02965585610908241
气,文勇,0.02965585611103243,1,33.720152817574025,1,0.02965585610908241
气,使刃,0.02965585611103243,1,33.720152817574025,1,0.02965585610908241
气,发如新,0.02965585611103243,1,33.720152817574025,1,0.02965585610908241
气,胎息,0.02965585611103243,1,33.720152817574025,1,0.02965585610908241
气,迈术,0.02965585611103243,1,33.720152817574025,1,0.02965585610908241
气,斯亦卫,0.02965585611103243,1,33.720152817574025,1,0.02965585610908241
气,一方,0.02965585611103243,1,33.720152817574025,1,0.02965585610908241
气,元神,0.02965585611103243,1,33.720152817574025,1,0.02965585610908241
气,宜宝,0.02965585611103243,1,33.720152817574025,1,0.02965585610908241
气,素,0.02965585611103243,1,33.720152817574025,1,0.02965585610908241
气,资养,0.02965585611103243,1,33.720152817574025,1,0.02965585610908241
气,为声,0.02965585611103243,1,33.720152817574025,1,0.02965585610908241
气,献可替否,0.02965585611103243,1,33.720152817574025,1,0.02965585610908241
气,以裁厥,0.02965585611103243,1,33.720152817574025,1,0.02965585610908241
气,数逢,0.02965585611103243,1,33.720152817574025,1,0.02965585610908241
气,机入,0.02965585611103243,1,33.720152817574025,1,0.02965585610908241
气,其巧,0.02965585611103243,1,33.720152817574025,1,0.02965585610908241
气,义味,0.02965585611103243,1,33.720152817574025,1,0.02965585610908241
气,而生,0.02965585611103243,1,33.720152817574025,1,0.02965585610908241
气,丛杂,0.02965585611103243,1,33.720152817574025,1,0.02965585610908241
气,视之则,0.02965585611103243,1,33.720152817574025,1,0.02965585610908241
气,锦绘,0.02965585611103243,1,33.720152817574025,1,0.02965585610908241
气,丝簧,0.02965585611103243,1,33.720152817574025,1,0.02965585610908241
气,味之则,0.02965585611103243,1,33.720152817574025,1,0.02965585610908241
气,乱离,0.02965585611103243,1,33.720152817574025,1,0.02965585610908241
气,风衰俗,0.02965585611103243,1,33.720152817574025,1,0.02965585610908241
气,并志深,0.02965585611103243,1,33.720152817574025,1,0.02965585610908241
气,笔长,0.02965585611103243,1,33.720152817574025,1,0.02965585610908241
气,至明,0.02965585611103243,1,33.720152817574025,1,0.02965585610908241
气,帝纂,0.02965585611103243,1,33.720152817574025,1,0.02965585610908241
气,戎,0.02965585611103243,1,33.720152817574025,1,0.02965585610908241
气,制诗,0.02965585611103243,1,33.720152817574025,1,0.02965585610908241
气,度曲,0.02965585611103243,1,33.720152817574025,1,0.02965585610908241
气,自中,0.02965585611103243,1,33.720152817574025,1,0.02965585610908241
气,朝贵,0.02965585611103243,1,33.720152817574025,1,0.02965585610908241
气,称盛,0.02965585611103243,1,33.720152817574025,1,0.02965585610908241
气,因谈余,0.02965585611103243,1,33.720152817574025,1,0.02965585610908241
气,流成,0.02965585611103243,1,33.720152817574025,1,0.02965585610908241
气,盖阳,0.02965585611103243,1,33.720152817574025,1,0.02965585610908241
气,萌而,0.02965585611103243,1,33.720152817574025,1,0.02965585610908241
气,玄驹,0.02965585611103243,1,33.720152817574025,1,0.02965585610908241
气,阴律,0.02965585611103243,1,33.720152817574025,1,0.02965585610908241
气,丹鸟,0.02965585611103243,1,33.720152817574025,1,0.02965585610908241
气,微虫,0.02965585611103243,1,33.720152817574025,1,0.02965585610908241
气,其惠心,0.02965585611103243,1,33.720152817574025,1,0.02965585610908241
气,秀其清,0.02965585611103243,1,33.720152817574025,1,0.02965585610908241
气,相召,0.02965585611103243,1,33.720152817574025,1,0.02965585610908241
气,获安,0.02965585611103243,1,33.720152817574025,1,0.02965585610908241
气,天高,0.02965585611103243,1,33.720152817574025,1,0.02965585610908241
气,阴沈,0.02965585611103243,1,33.720152817574025,1,0.02965585610908241
气,志远,0.02965585611103243,1,33.720152817574025,1,0.02965585610908241
气,随物,0.02965585611103243,1,33.720152817574025,1,0.02965585610908241
气,于笔,0.02965585611103243,1,33.720152817574025,1,0.02965585610908241
气,有篇美,0.02965585611103243,1,33.720152817574025,1,0.02965585610908241
气,以遣论,0.02965585611103243,1,33.720152817574025,1,0.02965585610908241
气,以命,0.02965585611103243,1,33.720152817574025,1,0.02965585610908241
气,殊声,0.02965585611103243,1,33.720152817574025,1,0.02965585610908241
气,合响,0.02965585611103243,1,33.720152817574025,1,0.02965585610908241
气,异翮,0.02965585611103243,1,33.720152817574025,1,0.02965585610908241
气,同飞,0.02965585611103243,1,33.720152817574025,1,0.02965585610908241
气,夫有,0.02965585611103243,1,33.720152817574025,1,0.02965585610908241
气,肖貌,0.02965585611103243,1,33.720152817574025,1,0.02965585610908241
气,禀性,0.02965585611103243,1,33.720152817574025,1,0.02965585610908241
气,五才,0.02965585611103243,1,33.720152817574025,1,0.02965585610908241
气,方声,0.02965585611103243,1,33.720152817574025,1,0.02965585610908241
气,风雷,0.02965585611103243,1,33.720152817574025,1,0.02965585610908241
气,超出,0.02965585611103243,1,33.720152817574025,1,0.02965585610908241
气,已灵,0.02965585611103243,1,33.720152817574025,1,0.02965585610908241
气,感人,0.02965585611103243,1,33.720152817574025,1,0.02965585610908241
气,摇荡,0.02965585611103243,1,33.720152817574025,1,0.02965585610908241
气,行诸,0.02965585611103243,1,33.720152817574025,1,0.02965585610908241
气,舞咏,0.02965585611103243,1,33.720152817574025,1,0.02965585610908241
气,刘越,0.02965585611103243,1,33.720152817574025,1,0.02965585610908241
气,石仗,0.02965585611103243,1,33.720152817574025,1,0.02965585610908241
气,清刚,0.02965585611103243,1,33.720152817574025,1,0.02965585610908241
气,赞成,0.02965585611103243,1,33.720152817574025,1,0.02965585610908241
气,负戈外,0.02965585611103243,1,33.720152817574025,1,0.02965585610908241
气,戍,0.02965585611103243,1,33.720152817574025,1,0.02965585610908241
气,杀,0.02965585611103243,1,33.720152817574025,1,0.02965585610908241
气,雄边,0.02965585611103243,1,33.720152817574025,1,0.02965585610908241
气,奇高,0.02965585611103243,1,33.720152817574025,1,0.02965585610908241
气,华茂,0.02965585611103243,1,33.720152817574025,1,0.02965585610908241
气,情兼雅怨,0.02965585611103243,1,33.720152817574025,1,0.02965585610908241
气,粲溢,0.02965585611103243,1,33.720152817574025,1,0.02965585610908241
气,卓尔不群,0.02965585611103243,1,33.720152817574025,1,0.02965585610908241
气,仗,0.02965585611103243,1,33.720152817574025,1,0.02965585610908241
气,动多振绝,0.02965585611103243,1,33.720152817574025,1,0.02965585610908241
气,雕润,0.02965585611103243,1,33.720152817574025,1,0.02965585610908241
气,少于,0.02965585611103243,1,33.720152817574025,1,0.02965585610908241
气,劣于,0.02965585611103243,1,33.720152817574025,1,0.02965585610908241
气,疏亮,0.02965585611103243,1,33.720152817574025,1,0.02965585610908241
气,犹恨,0.02965585611103243,1,33.720152817574025,1,0.02965585610908241
气,儿女情,0.02965585611103243,1,33.720152817574025,1,0.02965585610908241
气,凄戾,0.02965585611103243,1,33.720152817574025,1,0.02965585610908241
气,调警拔,0.02965585611103243,1,33.720152817574025,1,0.02965585610908241
气,吾许,0.02965585611103243,1,33.720152817574025,1,0.02965585610908241
气,其进,0.02965585611103243,1,33.720152817574025,1,0.02965585610908241
气,逮止,0.02965585611103243,1,33.720152817574025,1,0.02965585610908241
气,逸诗,0.02965585611103243,1,33.720152817574025,1,0.02965585610908241
气,候,0.02965585611103243,1,33.720152817574025,1,0.02965585610908241
气,范,0.02965585611103243,1,33.720152817574025,1,0.02965585610908241
气,尝语,0.02965585611103243,1,33.720152817574025,1,0.02965585610908241
气,捉,0.02965585611103243,1,33.720152817574025,1,0.02965585610908241
