record_id,unit_id,title,author,simp_offset_in_unit,orig_char,orig_sentence,segment_in_unit,old_segment_tokens,new_segment_tokens,changed
weijin__caopi_lunwen,weijin__caopi_lunwen__part01,典論·論文,曹丕,241,氣,王粲長於辭賦，徐幹時有齊氣，然粲之匹也。,9,王 粲 长于 辞赋 徐干时 有 齐 气 然 粲 之匹 也,王 粲 长于 辞赋 徐 干时 有齐 气 然 粲 之匹 也,1
weijin__caopi_lunwen,weijin__caopi_lunwen__part01,典論·論文,曹丕,327,氣,孔融體氣高妙，有過人者；,15,孔融 体 气 高妙 有过 人者,孔融 体 气 高妙 有 过人 者,1
weijin__caopi_lunwen,weijin__caopi_lunwen__part01,典論·論文,曹丕,446,氣,文以氣為主；,24,文以 气 为主,文以 气 为主,0
weijin__caopi_lunwen,weijin__caopi_lunwen__part01,典論·論文,曹丕,450,氣,氣之清濁有體，不可力強而致。,25,气 之 清浊 有体 不可 力强 而致,气 之 清浊 有体 不可 力强 而致,0
weijin__caopi_lunwen,weijin__caopi_lunwen__part01,典論·論文,曹丕,482,氣,至於引氣不齊，巧拙有素，雖在父兄，不能以移子弟。,27,至于 引 气 不齐 巧拙 有素 虽 在 父兄 不能 以移 子弟,至于 引 气 不齐 巧拙 有素 虽 在 父兄 不能 以移 子弟,0
weijin__caopi_wuzhi,weijin__caopi_wuzhi__part01,與吳質書（二月三日）,曹丕,363,氣,公幹有逸氣，但未遒耳，至其五言詩，妙絕當時。,17,公干 有逸 气 但 未 遒 耳 至 其 五言诗 妙绝 当时,公干 有逸 气 但 未 遒 耳 至 其 五言诗 妙绝 当时,0
weijin__gehong_辭義,weijin__gehong_辭義__part01,抱朴子外篇·辭義,葛洪,44,氣,茝蕙芬馥，非容氣所假。,2,茝 蕙 芬馥 非容 气 所假,茝 蕙 芬馥 非容 气 所假,0
southnorth__shenyue_xielingyunlun,southnorth__shenyue_xielingyunlun__part01,宋書·謝靈運傳論,沈約,67,氣,雖虞夏以前，遺文不覩，稟氣懷靈，理無或異。,3,虽虞夏 以前 遗文 不 覩 禀 气 怀灵 理无 或 异,虽虞夏 以前 遗文 不 覩 禀 气 怀灵 理 无或 异,1
southnorth__shenyue_xielingyunlun,southnorth__shenyue_xielingyunlun__part01,宋書·謝靈運傳論,沈約,187,氣,雖清辭麗曲，時發乎篇，而蕪音累氣，固亦多矣。,8,虽 清辞丽曲 时 发乎 篇 而 芜 音累 气 固亦多 矣,虽 清辞丽曲 时 发乎 篇 而 芜音 累 气 固亦多 矣,1
southnorth__shenyue_xielingyunlun,southnorth__shenyue_xielingyunlun__part01,宋書·謝靈運傳論,沈約,292,氣,相如巧為形似之言，班固長於情理之說，子建、仲宣以氣質為體，並標能擅美，獨映當時。,12,相如巧 为 形似 之 言 班固 长于 情理 之 说 子建 仲宣以 气 质为体 并 标能 擅美 独映 当时,相如巧 为 形似 之 言 班固 长于 情理 之 说 子建 仲宣以 气 质为体 并 标能 擅美 独映 当时,0
southnorth__shenyue_xielingyunlun,southnorth__shenyue_xielingyunlun__part01,宋書·謝靈運傳論,沈約,502,氣,仲文始革孫、許之風，叔源大變太元之氣。,19,仲文始 革孙 许之风 叔源 大变 太元 之 气,仲文始 革孙 许之风 叔源 大变 太元 之 气,0
southnorth__xiaozixian_wenxue,southnorth__xiaozixian_wenxue__part01,南齊書·文學傳論及贊,蕭子顯,33,氣,蘊思含毫，遊心內運，放言落紙，氣韻天成。,1,蕴思 含毫 游心 内运 放言 落纸 气 韵 天成,蕴思 含毫 游心 内运 放言 落纸 气 韵 天成,0
southnorth__xiaozixian_wenxue,southnorth__xiaozixian_wenxue__part01,南齊書·文學傳論及贊,蕭子顯,501,氣,江左風味，盛道家之言，郭璞舉其靈變，許詢極其名理，仲文玄氣，猶不盡除，謝混情新，得名未盛。,21,江左 风味 盛 道家 之 言 郭璞举 其灵变 许询 极其 名 理 仲文玄 气 犹 不尽 除 谢混情 新 得名 未盛,江左 风味 盛 道家 之 言 郭璞举 其 灵变 许询 极其 名理 仲文玄 气 犹 不尽 除 谢混情 新 得名 未盛,1
southnorth__jiangyan_zati,southnorth__jiangyan_zati__part01,雜體詩序,江淹,64,氣,故蛾眉詎同貌，而俱動於魄，芳草寧其氣，而皆悅於魂，不其然與？,1,故 蛾眉 讵 同貌 而俱动 于魄 芳草 宁其 气 而皆悦 于 魂 不其然 与,故 蛾眉 讵 同貌 而俱动 于魄 芳草 宁其 气 而皆悦 于 魂 不其然 与,0
liuxie_shipin__liuxie_02,liuxie_shipin__liuxie_02__part01,文心雕龍·徵聖,劉勰,613,氣,精理為文，秀氣成采。,37,精理 为文 秀 气 成采,精理 为文 秀 气 成采,0
liuxie_shipin__liuxie_05,liuxie_shipin__liuxie_05__part01,文心雕龍·辨騷,劉勰,742,氣,故能氣往轢古，辭來切今，驚采絕豔，難與並能矣。,32,故能 气 往轹 古 辞来切 今 惊采绝艳 难 与 并 能 矣,故能 气 往 轹古 辞来切 今 惊采绝艳 难 与 并 能 矣,1
liuxie_shipin__liuxie_06,liuxie_shipin__liuxie_06__part01,文心雕龍·明詩,劉勰,584,氣,並憐風月，狎池苑，述恩榮，敘酣宴，慷慨以任氣，磊落以使才；,28,并怜 风月 狎 池苑 述恩荣 叙酣宴 慷慨 以任 气 磊落 以使 才,并怜 风月 狎 池苑 述 恩荣 叙酣宴 慷慨 以任 气 磊落 以使 才,1
liuxie_shipin__liuxie_07,liuxie_shipin__liuxie_07__part01,文心雕龍·樂府,劉勰,132,氣,匹夫庶婦，謳吟土風，詩官採言，樂盲被律，志感絲篁，氣變金石。,9,匹夫 庶妇 讴吟 土风 诗官 采言 乐盲 被律 志感丝 篁 气 变 金石,匹夫庶妇 讴吟 土风 诗官 采言 乐盲 被律 志感 丝篁 气 变 金石,1
liuxie_shipin__liuxie_07,liuxie_shipin__liuxie_07__part01,文心雕龍·樂府,劉勰,310,氣,暨武帝崇禮，始立樂府，總趙代之音，撮齊楚之氣，延年以曼聲協律，朱馬以騷體製歌，《桂華》雜曲，麗而不經，《赤雁》群篇，靡而非典，河間薦雅而罕御，故汲黯致譏於天馬也。,14,暨 武帝 崇礼 始立 乐府 总 赵代之音 撮 齐楚 之 气 延年 以 曼声 协律 朱马 以骚 体制 歌 桂华 杂曲 丽而 不经 赤雁 群篇 靡 而 非典 河间 荐雅 而 罕御 故 汲 黯致 讥于 天马 也,暨 武帝 崇礼 始立 乐府 总 赵代之音 撮 齐楚 之 气 延年 以 曼声 协律 朱马 以骚 体制 歌 桂华 杂曲 丽而 不经 赤雁 群篇 靡 而 非典 河间 荐雅 而 罕御 故 汲 黯致 讥于 天马 也,0
liuxie_shipin__liuxie_07,liuxie_shipin__liuxie_07__part01,文心雕龍·樂府,劉勰,432,氣,至於魏之三祖，氣爽才麗，宰割辭調，音靡節平。,18,至于 魏 之三 祖 气 爽才丽 宰割 辞调 音靡 节平,至于 魏 之三 祖 气 爽 才丽 宰割 辞调 音靡 节平,1
liuxie_shipin__liuxie_10,liuxie_shipin__liuxie_10__part01,文心雕龍·祝盟,劉勰,777,氣,若夫臧洪歃辭，氣截雲蜺；,45,若夫 臧洪 歃辞 气 截云 蜺,若夫 臧洪 歃辞 气 截 云蜺,1
liuxie_shipin__liuxie_14,liuxie_shipin__liuxie_14__part01,文心雕龍·雜文,劉勰,18,氣,智術之子，博雅之人，藻溢於辭，辭盈乎氣。,0,智术 之子 博雅 之 人 藻溢于 辞 辞盈乎 气,智术 之子 博雅 之 人 藻溢于 辞 辞盈乎 气,0
liuxie_shipin__liuxie_14,liuxie_shipin__liuxie_14__part01,文心雕龍·雜文,劉勰,58,氣,宋玉含才，頗亦負俗，始造對問，以申其志，放懷寥廓，氣實使文。,2,宋玉含 才 颇 亦 负俗 始造 对 问 以申 其志 放怀 寥廓 气 实使 文,宋玉含 才 颇 亦 负俗 始造 对问 以申 其志 放怀 寥廓 气 实使 文,1
liuxie_shipin__liuxie_17,liuxie_shipin__liuxie_17__part01,文心雕龍·諸子,劉勰,736,氣,列御寇之書，氣偉而采奇；,32,列 御寇 之 书 气 伟而 采奇,列 御寇 之 书 气 伟而 采奇,0
liuxie_shipin__liuxie_17,liuxie_shipin__liuxie_17__part01,文心雕龍·諸子,劉勰,860,氣,呂氏鑒遠而體周，淮南汎採而文麗，斯則得百氏之華采，而辭氣文之大略也。,41,吕氏 鉴远 而 体周 淮南 泛采 而 文丽 斯则 得 百氏 之华采 而辞 气 文之 大略 也,吕氏 鉴远 而 体周 淮南 泛采 而 文丽 斯则 得 百氏 之 华采 而辞 气 文之 大略 也,1
liuxie_shipin__liuxie_19,liuxie_shipin__liuxie_19__part01,文心雕龍·詔策,劉勰,708,氣,優文封策，則氣含風雨之潤；,51,优文 封策 则 气 含 风雨 之润,优文 封策 则 气 含 风雨 之润,0
liuxie_shipin__liuxie_20,liuxie_shipin__liuxie_20__part01,文心雕龍·檄移,劉勰,343,氣,故分閫推轂，奉辭伐罪，非唯致果為毅，亦且厲辭為武，使聲如衝風所擊，氣似欃槍所掃，奮其武怒，總其罪人，懲其惡稔之時，顯其貫盈之數，搖奸宄之膽，訂信慎之心，使百尺之衝，摧折於咫書，萬雉之城，顛墜於一檄者也。,18,故分 阃 推毂 奉辞伐罪 非唯致果 为毅 亦且 厉辞 为 武 使声 如冲 风所击 气 似 欃 枪 所 扫 奋其 武怒 总其 罪人 惩其 恶稔 之时 显其贯 盈之数 摇 奸宄 之胆 订信慎 之心 使 百尺 之冲 摧折 于咫书 万雉 之城 颠坠 于 一 檄者 也,故 分阃 推毂 奉辞伐罪 非唯致果 为毅 亦且 厉辞 为 武 使声 如 冲风 所击 气 似 欃枪 所扫 奋其 武怒 总其 罪人 惩其 恶稔 之 时 显其 贯盈 之数 摇 奸宄 之胆 订信慎 之心 使 百尺 之冲 摧折 于 咫书 万雉 之 城 颠坠 于 一 檄者 也,1
liuxie_shipin__liuxie_20,liuxie_shipin__liuxie_20__part01,文心雕龍·檄移,劉勰,661,氣,故其植義颺辭，務在剛健，插羽以示迅，不可使辭緩，露板以宣眾，不可使義隱，必事昭而理辨，氣盛而辭斷，此其要也。,26,故其 植义 飏 辞 务 在 刚健 插羽 以示 迅 不可 使 辞缓 露板 以 宣众 不可 使义 隐 必事昭而理 辨 气 盛而 辞断 此其要 也,故其 植义 飏 辞 务 在 刚健 插羽 以示 迅 不可 使 辞缓 露板 以 宣众 不可 使义 隐 必事昭而理 辨 气 盛而 辞断 此其要 也,0
liuxie_shipin__liuxie_21,liuxie_shipin__liuxie_21__part01,文心雕龍·封禪,劉勰,258,氣,秦皇銘岱，文自李斯，法家辭氣，體乏弘潤。,13,秦皇 铭 岱 文自 李斯 法家 辞 气 体乏 弘润,秦皇 铭 岱 文自 李斯 法家 辞 气 体乏 弘润,0
liuxie_shipin__liuxie_22,liuxie_shipin__liuxie_22__part01,文心雕龍·章表,劉勰,507,氣,至於文舉之薦禰衡，氣揚采飛；,31,至于 文举 之荐 祢衡 气 扬 采飞,至于 文举 之荐 祢衡 气 扬 采飞,0
liuxie_shipin__liuxie_23,liuxie_shipin__liuxie_23__part01,文心雕龍·奏啟,劉勰,422,氣,故位在鷙擊，砥礪其氣，必使筆端振風，簡上凝霜者也。,25,故位 在 鸷 击 砥砺 其 气 必使 笔端 振风 简上 凝霜 者 也,故位 在 鸷击 砥砺 其 气 必使 笔端 振风 简上 凝霜 者 也,1
liuxie_shipin__liuxie_23,liuxie_shipin__liuxie_23__part01,文心雕龍·奏啟,劉勰,734,氣,必使理有典刑，辭有風軌，總法家之式，秉儒家之文，不畏彊禦，氣流墨中，無縱詭隨，聲動簡外，乃稱絕席之雄，直方之舉耳。,41,必使 理有 典刑 辞有 风轨 总 法家 之式 秉 儒家 之文 不畏 彊 御 气 流墨 中 无纵 诡随 声动 简外 乃称 绝席 之雄 直方 之举 耳,必使 理有 典刑 辞有 风轨 总 法家 之式 秉 儒家 之文 不畏 彊 御 气 流墨 中 无纵 诡随 声动 简外 乃称 绝席 之雄 直方 之举 耳,0
liuxie_shipin__liuxie_24,liuxie_shipin__liuxie_24__part01,文心雕龍·議對,劉勰,905,氣,及後漢魯丕，辭氣質素，以儒雅中策，獨入高第。,44,及 后汉 鲁丕 辞 气 质素 以 儒雅 中策 独入 高 第,及 后汉 鲁丕 辞 气 质素 以 儒雅 中策 独入 高 第,0
liuxie_shipin__liuxie_25,liuxie_shipin__liuxie_25__part01,文心雕龍·書記,劉勰,197,氣,漢來筆札，辭氣紛紜。,11,汉来 笔札 辞 气 纷纭,汉来 笔札 辞 气 纷纭,0
liuxie_shipin__liuxie_25,liuxie_shipin__liuxie_25__part01,文心雕龍·書記,劉勰,232,氣,觀史遷之報任安，東方朔之難公孫，楊惲之酬會宗，子雲之答劉歆，志氣槃桓，各含殊采；,12,观史 迁之报 任安 东方朔 之难 公孙 杨恽 之酬 会宗 子云之答 刘歆 志 气 槃 桓 各 含殊 采,观 史迁 之报 任安 东方朔 之难 公孙 杨恽 之酬 会宗 子云之答 刘歆 志 气 槃 桓 各 含殊 采,1
liuxie_shipin__liuxie_25,liuxie_shipin__liuxie_25__part01,文心雕龍·書記,劉勰,388,氣,詳總書體，本在盡言，言以散鬱陶，託風采，故宜滌暢以任氣，優柔以懌懷。,23,详 总 书体 本 在 尽言 言以 散郁陶 托 风采 故宜涤畅 以任 气 优柔 以怿怀,详 总 书体 本 在 尽言 言以 散 郁陶 托 风采 故宜 涤畅 以任 气 优柔 以怿怀,1
liuxie_shipin__liuxie_26,liuxie_shipin__liuxie_26__part01,文心雕龍·神思,劉勰,106,氣,神居胸臆，而志氣統其關鍵；,9,神居 胸臆 而志 气 统其 关键,神居 胸臆 而志 气 统其 关键,0
liuxie_shipin__liuxie_26,liuxie_shipin__liuxie_26__part01,文心雕龍·神思,劉勰,293,氣,方其搦翰，氣倍辭前，暨乎篇成，半折心始，何則，意翻空而易奇，言徵實而難巧也。,17,方其 搦 翰 气 倍 辞前 暨乎 篇 成 半折 心始 何则 意翻 空而易奇 言 征实 而 难巧 也,方其 搦 翰 气 倍 辞前 暨乎 篇 成 半折 心始 何则 意翻 空而易奇 言 征实 而 难巧 也,0
liuxie_shipin__liuxie_26,liuxie_shipin__liuxie_26__part01,文心雕龍·神思,劉勰,441,氣,人之稟才，遲速異分，文之制體，大小殊功，相如含筆而腐毫，揚雄輟翰而驚夢，桓譚疾感於苦思，王充氣竭於思慮，張衡研京以十年，左思練都以一紀，雖有巨文，亦思之緩也。,20,人 之 禀 才 迟速 异分 文之制体 大小 殊功 相如 含笔 而 腐毫 扬雄 辍翰 而 惊梦 桓 谭疾 感于 苦思 王充 气 竭于 思虑 张衡 研京以 十年 左思 练 都 以 一纪 虽有 巨文 亦 思之缓 也,人 之 禀才 迟速 异分 文之制体 大小 殊功 相如 含笔 而 腐毫 扬雄 辍翰 而 惊梦 桓 谭疾 感于 苦思 王充 气 竭于 思虑 张衡 研京以 十年 左思 练 都 以 一纪 虽有 巨文 亦 思之缓 也,1
liuxie_shipin__liuxie_27,liuxie_shipin__liuxie_27__part01,文心雕龍·體性,劉勰,34,氣,然才有庸俊，氣有剛柔，學有淺深，習有雅鄭，並情性所鑠，陶染所凝，是以筆區雲譎，文苑波詭者矣。,1,然才 有庸俊 气 有 刚柔 学有 浅 深 习有雅 郑 并 情性 所铄 陶染 所 凝 是 以 笔区 云谲 文苑 波诡者 矣,然才 有庸俊 气 有 刚柔 学有 浅深 习有 雅郑 并 情性 所铄 陶染 所 凝 是 以 笔区 云谲 文苑 波诡 者 矣,1
liuxie_shipin__liuxie_27,liuxie_shipin__liuxie_27__part01,文心雕龍·體性,劉勰,97,氣,風趣剛柔，寧或改其氣；,3,风趣 刚柔 宁 或 改其 气,风趣 刚柔 宁 或 改其 气,0
liuxie_shipin__liuxie_27,liuxie_shipin__liuxie_27__part01,文心雕龍·體性,劉勰,367,氣,若夫八體屢遷，功以學成，才力居中，肇自血氣；,16,若夫 八体 屡迁 功以 学成 才力 居中 肇自血 气,若夫 八体 屡迁 功以 学成 才力 居中 肇自血 气,0
liuxie_shipin__liuxie_27,liuxie_shipin__liuxie_27__part01,文心雕龍·體性,劉勰,369,氣,氣以實志，志以定言，吐納英華，莫非情性。,17,气 以实志 志以 定言 吐纳 英华 莫非 情性,气 以 实志 志以 定言 吐纳 英华 莫非 情性,1
liuxie_shipin__liuxie_27,liuxie_shipin__liuxie_27__part01,文心雕龍·體性,劉勰,477,氣,公幹氣褊，故言壯而情駭；,25,公干 气 褊 故言壮 而 情骇,公干 气 褊 故言壮 而 情骇,0
liuxie_shipin__liuxie_27,liuxie_shipin__liuxie_27__part01,文心雕龍·體性,劉勰,554,氣,豈非自然之恆資，才氣之大略哉！,31,岂非 自然 之恒资 才 气 之 大略 哉,岂非 自然 之 恒资 才 气 之 大略 哉,1
liuxie_shipin__liuxie_28,liuxie_shipin__liuxie_28__part01,文心雕龍·風骨,劉勰,21,氣,《詩》總六義，風冠其首，斯乃化感之本源，志氣之符契也。,0,诗 总六义 风冠 其首 斯乃化 感 之 本源 志 气 之 符契 也,诗 总 六义 风冠 其首 斯乃化 感 之 本源 志 气 之 符契 也,1
liuxie_shipin__liuxie_28,liuxie_shipin__liuxie_28__part01,文心雕龍·風骨,劉勰,70,氣,故辭之待骨，如體之樹骸，情之含風，猶形之包氣。,2,故辞 之待骨 如体 之树骸 情之含 风 犹形 之包 气,故辞 之待骨 如体 之 树骸 情之 含风 犹形 之包 气,1
liuxie_shipin__liuxie_28,liuxie_shipin__liuxie_28__part01,文心雕龍·風骨,劉勰,84,氣,意氣駿爽，則文風清焉。,4,意 气 骏爽 则 文风 清焉,意 气 骏爽 则 文风 清焉,0
liuxie_shipin__liuxie_28,liuxie_shipin__liuxie_28__part01,文心雕龍·風骨,劉勰,126,氣,是以綴慮裁篇，務盈守氣，剛健既實，輝光乃新，其為文用，譬征鳥之使翼也。,6,是 以缀 虑 裁篇 务盈守 气 刚健 既实 辉光 乃新 其为 文用 譬征 鸟 之 使翼 也,是 以 缀虑 裁篇 务盈守 气 刚健 既实 辉光 乃新 其为 文用 譬 征鸟 之 使翼 也,1
liuxie_shipin__liuxie_28,liuxie_shipin__liuxie_28__part01,文心雕龍·風骨,劉勰,221,氣,思不環周，索莫乏氣，則無風之驗也。,10,思不环周 索莫乏 气 则 无风 之验 也,思不 环周 索莫乏 气 则 无风 之验 也,1
liuxie_shipin__liuxie_28,liuxie_shipin__liuxie_28__part01,文心雕龍·風骨,劉勰,258,氣,相如賦仙，氣號凌雲，蔚為辭宗，迺其風力遒也。,12,相如 赋仙 气 号 凌云 蔚为 辞宗 迺 其 风力 遒 也,相如 赋仙 气 号 凌云 蔚为 辞宗 迺 其 风力 遒 也,0
liuxie_shipin__liuxie_28,liuxie_shipin__liuxie_28__part01,文心雕龍·風骨,劉勰,303,氣,故魏文稱文以氣為主，氣之清濁有體，不可力強而致；,14,故魏 文称 文以 气 为主 气 之 清浊 有体 不可 力强 而致,故魏 文称 文以 气 为主 气 之 清浊 有体 不可 力强 而致,0
liuxie_shipin__liuxie_28,liuxie_shipin__liuxie_28__part01,文心雕龍·風骨,劉勰,307,氣,故魏文稱文以氣為主，氣之清濁有體，不可力強而致；,14,故魏 文称 文以 气 为主 气 之 清浊 有体 不可 力强 而致,故魏 文称 文以 气 为主 气 之 清浊 有体 不可 力强 而致,0
liuxie_shipin__liuxie_28,liuxie_shipin__liuxie_28__part01,文心雕龍·風骨,劉勰,330,氣,故其論孔融，則云體氣高妙；,15,故其论 孔融 则 云体 气 高妙,故其论 孔融 则 云体 气 高妙,0
liuxie_shipin__liuxie_28,liuxie_shipin__liuxie_28__part01,文心雕龍·風骨,劉勰,343,氣,論徐幹，則云時有齊氣；,16,论 徐干 则 云时 有 齐 气,论 徐干 则 云时 有 齐 气,0
liuxie_shipin__liuxie_28,liuxie_shipin__liuxie_28__part01,文心雕龍·風骨,劉勰,353,氣,論劉楨，則云有逸氣。,17,论 刘桢 则 云 有 逸 气,论 刘桢 则 云 有 逸 气,0
liuxie_shipin__liuxie_28,liuxie_shipin__liuxie_28__part01,文心雕龍·風骨,劉勰,368,氣,公幹亦云，孔氏卓卓，信含異氣，筆墨之性，殆不可勝，並重氣之旨也。,18,公干 亦 云 孔氏 卓卓 信含 异 气 笔墨 之性 殆 不可 胜 并重 气 之旨 也,公干 亦 云 孔氏 卓卓 信含 异 气 笔墨 之性 殆 不可 胜 并重 气 之旨 也,0
liuxie_shipin__liuxie_28,liuxie_shipin__liuxie_28__part01,文心雕龍·風骨,劉勰,382,氣,公幹亦云，孔氏卓卓，信含異氣，筆墨之性，殆不可勝，並重氣之旨也。,18,公干 亦 云 孔氏 卓卓 信含 异 气 笔墨 之性 殆 不可 胜 并重 气 之旨 也,公干 亦 云 孔氏 卓卓 信含 异 气 笔墨 之性 殆 不可 胜 并重 气 之旨 也,0
liuxie_shipin__liuxie_28,liuxie_shipin__liuxie_28__part01,文心雕龍·風骨,劉勰,418,氣,鷹隼乏采而翰飛戾天，骨勁而氣猛也；,20,鹰隼 乏 采而翰 飞戾 天 骨劲 而 气 猛 也,鹰隼 乏采 而 翰飞 戾 天 骨劲 而 气 猛 也,1
liuxie_shipin__liuxie_28,liuxie_shipin__liuxie_28__part01,文心雕龍·風骨,劉勰,673,氣,情與氣偕，辭共體並。,33,情 与 气 偕 辞共体 并,情 与 气 偕 辞共体 并,0
liuxie_shipin__liuxie_29,liuxie_shipin__liuxie_29__part01,文心雕龍·通變,劉勰,42,氣,文辭氣力，通變則久，此無方之數也。,2,文辞 气 力 通变 则 久 此 无方 之数 也,文辞 气 力 通变 则 久 此 无方 之数 也,0
liuxie_shipin__liuxie_29,liuxie_shipin__liuxie_29__part01,文心雕龍·通變,劉勰,332,氣,競今疎古，風昧氣衰也。,22,竞今 疎 古 风昧 气 衰 也,竞今 疎 古 风昧 气 衰 也,0
liuxie_shipin__liuxie_29,liuxie_shipin__liuxie_29__part01,文心雕龍·通變,劉勰,716,氣,是以規略文統，宜宏大體，先博覽以精閱，總綱紀而攝契，然後拓衢路，置關鍵，長轡遠馭，從容按節，憑情以會通，負氣以適變，采如宛虹之奮鬐，光若長離之振翼，迺穎脫之文矣。,43,是 以 规略 文统 宜 宏大 体 先 博览 以 精阅 总 纲纪 而 摄契 然后 拓衢 路 置 关键 长辔 远驭 从容 按节 凭情 以 会通 负 气 以 适变 采如 宛虹 之奋 鬐 光若长 离 之 振翼 迺 颖脱 之文 矣,是 以 规略 文统 宜 宏大 体 先 博览 以 精阅 总 纲纪 而 摄契 然后 拓衢 路 置 关键 长辔远驭 从容 按节 凭情 以 会通 负 气 以 适变 采如 宛虹 之奋 鬐 光若 长离 之 振翼 迺 颖脱 之文 矣,1
liuxie_shipin__liuxie_30,liuxie_shipin__liuxie_30__part01,文心雕龍·定勢,劉勰,556,氣,公幹所談，頗亦兼氣。,28,公干 所谈 颇 亦 兼 气,公干 所谈 颇 亦 兼 气,0
liuxie_shipin__liuxie_33,liuxie_shipin__liuxie_33__part01,文心雕龍·聲律,劉勰,21,氣,聲合宮商，肇自血氣，先王因之以制樂歌。,1,声合 宫商 肇自血 气 先王 因 之 以制 乐歌,声合 宫商 肇自血 气 先王 因 之 以制 乐歌,0
liuxie_shipin__liuxie_33,liuxie_shipin__liuxie_33__part01,文心雕龍·聲律,劉勰,382,氣,氣力窮於和韻。,18,气 力穷于 和 韵,气 力穷于 和韵,1
liuxie_shipin__liuxie_33,liuxie_shipin__liuxie_33__part01,文心雕龍·聲律,劉勰,406,氣,韻氣一定，故餘聲易遣；,20,韵 气 一定 故余声 易遣,韵 气 一定 故 余声 易遣,1
liuxie_shipin__liuxie_34,liuxie_shipin__liuxie_34__part01,文心雕龍·章句,劉勰,548,氣,若乃改韻從調，所以節文辭氣，賈誼枚乘，兩韻輒易；,29,若 乃 改韵 从 调 所以 节 文辞 气 贾谊 枚 乘 两韵辄易,若 乃 改韵 从 调 所以 节 文辞 气 贾谊 枚 乘 两韵辄易,0
liuxie_shipin__liuxie_35,liuxie_shipin__liuxie_35__part01,文心雕龍·麗辭,劉勰,654,氣,若氣無奇類，文乏異采，碌碌麗辭，則昏睡耳目。,40,若 气 无奇类 文乏 异采 碌碌 丽辞 则 昏睡 耳目,若 气 无奇 类 文乏 异采 碌碌 丽辞 则 昏睡 耳目,1
liuxie_shipin__liuxie_37,liuxie_shipin__liuxie_37__part01,文心雕龍·夸飾,劉勰,424,氣,至如氣貌山海，體勢宮殿，嵯峨揭業，熠燿焜煌之狀，光采煒煒而欲然，聲貌岌岌其將動矣。,23,至 如 气 貌 山海 体势 宫殿 嵯峨 揭业 熠燿 焜 煌 之状 光采 炜 炜 而欲然 声貌 岌岌 其将动 矣,至 如 气 貌 山海 体势 宫殿 嵯峨 揭业 熠燿 焜 煌 之状 光采 炜炜 而欲然 声貌 岌岌 其将动 矣,1
liuxie_shipin__liuxie_37,liuxie_shipin__liuxie_37__part01,文心雕龍·夸飾,劉勰,486,氣,於是後進之才，獎氣挾聲，軒翥而欲奮飛，騰擲而羞跼步，辭入煒燁，春藻不能程其豔；,25,于是 后进 之才 奖 气 挟声 轩翥而 欲 奋飞 腾 掷 而 羞 跼 步 辞入炜烨 春藻 不能 程其艳,于是 后进 之才 奖 气 挟声 轩翥 而 欲 奋飞 腾掷 而 羞 跼 步 辞入 炜烨 春藻 不能 程其艳,1
liuxie_shipin__liuxie_37,liuxie_shipin__liuxie_37__part01,文心雕龍·夸飾,劉勰,647,氣,言必鵬運，氣靡鴻漸。,32,言必 鹏运 气 靡鸿渐,言必 鹏运 气 靡 鸿渐,1
liuxie_shipin__liuxie_40,liuxie_shipin__liuxie_40__part01,文心雕龍·隱秀,劉勰,705,氣,「凉飈動秋草，邊馬有歸心」，氣寒而事傷，此覉旅之怨曲也。,31,气 寒而事伤 此 覉 旅 之 怨曲 也,气 寒而事伤 此 覉 旅 之 怨曲 也,0
liuxie_shipin__liuxie_42,liuxie_shipin__liuxie_42__part01,文心雕龍·養氣,劉勰,8,氣,昔王充著述，制養氣之篇，驗己而作，豈虛造哉！,0,昔 王充 著述 制养 气 之篇 验己 而作 岂 虚造 哉,昔 王充 著述 制养 气 之篇 验己 而作 岂 虚造 哉,0
liuxie_shipin__liuxie_42,liuxie_shipin__liuxie_42__part01,文心雕龍·養氣,劉勰,64,氣,鑽礪過分，則神疲而氣衰；,4,钻砺 过分 则 神疲而 气 衰,钻砺 过分 则 神疲而 气 衰,0
liuxie_shipin__liuxie_42,liuxie_shipin__liuxie_42__part01,文心雕龍·養氣,劉勰,211,氣,凡童少鑒淺而志盛，長艾識堅而氣衰，志盛者思銳以勝勞，氣衰者慮密以傷神，斯實中人之常資，歲時之大較也。,14,凡童 少鉴 浅 而志盛 长艾识 坚而 气 衰 志 盛者 思锐 以胜劳 气 衰者虑 密以 伤神 斯实 中人 之常资 岁 时 之大较 也,凡童 少鉴 浅 而志盛 长艾 识坚 而 气 衰 志 盛者 思锐 以胜劳 气 衰者虑 密以 伤神 斯实 中人 之常资 岁时 之 大较 也,1
liuxie_shipin__liuxie_42,liuxie_shipin__liuxie_42__part01,文心雕龍·養氣,劉勰,223,氣,凡童少鑒淺而志盛，長艾識堅而氣衰，志盛者思銳以勝勞，氣衰者慮密以傷神，斯實中人之常資，歲時之大較也。,14,凡童 少鉴 浅 而志盛 长艾识 坚而 气 衰 志 盛者 思锐 以胜劳 气 衰者虑 密以 伤神 斯实 中人 之常资 岁 时 之大较 也,凡童 少鉴 浅 而志盛 长艾 识坚 而 气 衰 志 盛者 思锐 以胜劳 气 衰者虑 密以 伤神 斯实 中人 之常资 岁时 之 大较 也,1
liuxie_shipin__liuxie_42,liuxie_shipin__liuxie_42__part01,文心雕龍·養氣,劉勰,273,氣,若夫器分有限，智用無涯，或慚鳧企鶴，瀝辭鐫思，於是精氣內銷，有似尾閭之波，神志外傷，同乎牛山之木；,15,若夫 器分 有限 智用 无涯 或 惭凫企鹤 沥辞 镌思 于是 精 气 内销 有似 尾闾 之波 神志 外伤 同乎 牛山 之木,若夫 器分 有限 智用 无涯 或 惭凫企鹤 沥辞 镌思 于是 精 气 内销 有似 尾闾 之波 神志 外伤 同乎 牛山 之木,0
liuxie_shipin__liuxie_42,liuxie_shipin__liuxie_42__part01,文心雕龍·養氣,劉勰,423,氣,若銷鑠精膽，蹙迫和氣，秉牘以驅齡，灑翰以伐性，豈聖賢之素心，會文之直理哉！,20,若 销铄 精胆 蹙迫 和 气 秉牍 以 驱龄 洒翰 以伐性 岂 圣贤 之 素心 会文 之 直理 哉,若 销铄 精胆 蹙迫 和 气 秉牍 以 驱龄 洒翰 以伐性 岂 圣贤 之 素心 会文 之 直理 哉,0
liuxie_shipin__liuxie_42,liuxie_shipin__liuxie_42__part01,文心雕龍·養氣,劉勰,505,氣,是以吐納文蓺，務在節宣，清和其心，條暢其氣，煩而即捨，勿使壅滯，意得則舒懷以命筆，理伏則投筆以卷懷，逍遙以針勞，談笑以藥勌，常弄閑於才鋒，賈餘於文勇，使刃發如新，湊理無滯，雖非胎息之邁術，斯亦衛氣之一方也。,22,是 以 吐纳 文 蓺 务 在 节宣 清 和 其心 条畅 其 气 烦而 即舍 勿 使 壅 滞 意得 则 舒怀 以 命笔 理伏 则 投笔 以卷 怀 逍遥 以 针劳 谈笑 以药 勌 常弄 闲于 才 锋 贾余于 文勇 使刃 发如新 凑理 无滞 虽非 胎息 之 迈术 斯亦卫 气 之 一方 也,是 以 吐纳 文 蓺 务 在 节宣 清 和 其心 条畅 其 气 烦而 即舍 勿 使 壅滞 意得 则 舒怀 以 命笔 理伏 则 投笔 以 卷怀 逍遥 以 针劳 谈笑 以药 勌 常弄 闲于 才锋 贾余 于 文勇 使刃 发如新 凑理 无滞 虽非 胎息 之 迈术 斯亦卫 气 之 一方 也,1
liuxie_shipin__liuxie_42,liuxie_shipin__liuxie_42__part01,文心雕龍·養氣,劉勰,582,氣,是以吐納文蓺，務在節宣，清和其心，條暢其氣，煩而即捨，勿使壅滯，意得則舒懷以命筆，理伏則投筆以卷懷，逍遙以針勞，談笑以藥勌，常弄閑於才鋒，賈餘於文勇，使刃發如新，湊理無滯，雖非胎息之邁術，斯亦衛氣之一方也。,22,是 以 吐纳 文 蓺 务 在 节宣 清 和 其心 条畅 其 气 烦而 即舍 勿 使 壅 滞 意得 则 舒怀 以 命笔 理伏 则 投笔 以卷 怀 逍遥 以 针劳 谈笑 以药 勌 常弄 闲于 才 锋 贾余于 文勇 使刃 发如新 凑理 无滞 虽非 胎息 之 迈术 斯亦卫 气 之 一方 也,是 以 吐纳 文 蓺 务 在 节宣 清 和 其心 条畅 其 气 烦而 即舍 勿 使 壅滞 意得 则 舒怀 以 命笔 理伏 则 投笔 以 卷怀 逍遥 以 针劳 谈笑 以药 勌 常弄 闲于 才锋 贾余 于 文勇 使刃 发如新 凑理 无滞 虽非 胎息 之 迈术 斯亦卫 气 之 一方 也,1
liuxie_shipin__liuxie_42,liuxie_shipin__liuxie_42__part01,文心雕龍·養氣,劉勰,611,氣,元神宜寶，素氣資養。,25,元神 宜宝 素 气 资养,元神 宜宝 素 气 资养,0
liuxie_shipin__liuxie_43,liuxie_shipin__liuxie_43__part01,文心雕龍·附會,劉勰,86,氣,夫才量學文，宜正體製，必以情志為神明，事義為骨髓，辭采為肌膚，宮商為聲氣，然後品藻元黃，摛振金玉，獻可替否，以裁厥中。,3,夫才量 学文 宜正 体制 必以 情志 为 神明 事义 为 骨髓 辞 采为 肌肤 宫商 为 声 气 然后 品藻 元 黄 摛 振 金玉 献可替否 以裁厥 中,夫才量 学文 宜正 体制 必以 情志 为 神明 事义 为 骨髓 辞采 为 肌肤 宫商 为声 气 然后 品藻 元 黄 摛 振 金玉 献可替否 以裁厥 中,1
liuxie_shipin__liuxie_44,liuxie_shipin__liuxie_44__part01,文心雕龍·總術,劉勰,569,氣,數逢其極，機入其巧，則義味騰躍而生，辭氣叢雜而至，視之則錦繪，聽之則絲簧，味之則甘腴，佩之則芬芳，斷章之功，於斯盛矣。,32,数逢 其极 机入 其巧 则 义味 腾跃 而生 辞 气 丛杂 而 至 视之则 锦绘 听 之 则 丝簧 味之则 甘腴 佩之则 芬芳 断章 之功 于斯盛 矣,数逢 其极 机入 其巧 则 义味 腾跃 而生 辞 气 丛杂 而 至 视之则 锦绘 听 之 则 丝簧 味之则 甘腴 佩之则 芬芳 断章 之功 于斯 盛 矣,1
liuxie_shipin__liuxie_45,liuxie_shipin__liuxie_45__part01,文心雕龍·時序,劉勰,1128,氣,偉長從宦於青土，公幹徇質於海隅，德璉綜其斐然之思，元瑜展其翩翩之樂，文蔚休伯之儔，于俶德祖之侶，俊雅觴豆之前，雍容袵席之上，灑筆以成酣歌，和墨以藉談笑，觀其時文，雅好慷慨，良由世積亂離，風衰俗怨，並志深而筆長，故梗概而多氣也，至明帝纂戎，制詩度曲，徵篇章之士，置崇文之觀，何劉群才，迭相照耀。,32,伟长 从 宦于 青土 公干 徇质 于 海隅 德琏 综其 斐然 之思 元瑜展 其 翩翩 之 乐 文蔚 休伯 之 俦 于 俶 德祖 之侣 俊雅 觞 豆 之前 雍容 袵 席 之上 洒笔 以成 酣歌 和 墨以 藉 谈笑 观 其时 文 雅好 慷慨 良由世积 乱离 风衰俗 怨 并志深 而 笔长 故 梗概 而 多 气 也 至明 帝纂 戎 制诗 度曲 征 篇章 之士 置 崇文 之观 何刘群 才 迭 相 照耀,伟长 从宦 于 青土 公干 徇质 于 海隅 德琏 综其 斐然 之思 元瑜展 其 翩翩 之 乐 文蔚 休伯 之 俦 于 俶 德祖 之侣 俊雅 觞豆 之前 雍容 袵 席 之上 洒笔 以成 酣歌 和 墨以 藉 谈笑 观 其时 文 雅好 慷慨 良由世积 乱离 风衰俗 怨 并志深 而 笔长 故 梗概 而 多 气 也 至明 帝纂 戎 制诗 度曲 征 篇章 之士 置 崇文 之观 何刘 群才 迭 相 照耀,1
liuxie_shipin__liuxie_45,liuxie_shipin__liuxie_45__part01,文心雕龍·時序,劉勰,1538,氣,自中朝貴元，江左稱盛，因談餘氣，流成文體。,43,自中 朝贵 元 江左 称盛 因谈余 气 流成 文体,自中 朝贵 元 江左 称盛 因谈余 气 流成 文体,0
liuxie_shipin__liuxie_46,liuxie_shipin__liuxie_46__part01,文心雕龍·物色,劉勰,22,氣,蓋陽氣萌而玄駒步，陰律凝而丹鳥羞，微蟲猶或入感，四時之動物深矣。,1,盖阳 气 萌而 玄驹步 阴律 凝而丹 鸟 羞 微虫 犹 或 入感 四时 之 动物 深 矣,盖阳 气 萌而 玄驹 步 阴律 凝而 丹鸟 羞 微虫 犹 或 入感 四时 之 动物 深 矣,1
liuxie_shipin__liuxie_46,liuxie_shipin__liuxie_46__part01,文心雕龍·物色,劉勰,66,氣,若夫珪璋挺其惠心，英華秀其清氣，物色相召，人誰獲安！,2,若夫 珪 璋 挺 其惠心 英华 秀其清 气 物色 相召 人 谁 获安,若夫 珪 璋 挺 其惠心 英华 秀其清 气 物色 相召 人 谁 获安,0
liuxie_shipin__liuxie_46,liuxie_shipin__liuxie_46__part01,文心雕龍·物色,劉勰,104,氣,天高氣清，陰沈之志遠；,5,天高 气 清 阴沈之 志远,天高 气 清 阴沈 之 志远,1
liuxie_shipin__liuxie_46,liuxie_shipin__liuxie_46__part01,文心雕龍·物色,劉勰,205,氣,寫氣圖貌，既隨物以宛轉；,13,写 气 图貌 既 随物 以 宛转,写 气 图貌 既 随物 以 宛转,0
liuxie_shipin__liuxie_47,liuxie_shipin__liuxie_47__part01,文心雕龍·才略,劉勰,345,氣,枚乘之《七發》，鄒陽之上書，膏潤於筆，氣形於言矣。,10,枚 乘 之 七发 邹阳 之 上书 膏润于 笔 气 形于 言 矣,枚 乘 之 七发 邹阳 之 上书 膏润 于笔 气 形于 言 矣,1
liuxie_shipin__liuxie_47,liuxie_shipin__liuxie_47__part01,文心雕龍·才略,劉勰,798,氣,孔融氣盛於為筆，禰衡思銳於為文，有篇美焉。,29,孔融 气 盛于 为 笔 祢衡 思锐 于 为 文 有篇美 焉,孔融 气 盛于 为 笔 祢衡 思锐 于 为 文 有篇美 焉,0
liuxie_shipin__liuxie_47,liuxie_shipin__liuxie_47__part01,文心雕龍·才略,劉勰,1161,氣,嵇康師心以遣論，阮籍使氣以命詩，殊聲而合響，異翮而同飛。,50,嵇康 师心 以遣论 阮籍 使 气 以命 诗 殊声 而 合响 异翮 而 同飞,嵇康 师心 以遣论 阮籍 使 气 以命 诗 殊声 而 合响 异翮 而 同飞,0
liuxie_shipin__liuxie_50,liuxie_shipin__liuxie_50__part01,文心雕龍·序志,劉勰,123,氣,夫有肖貌天地，稟性五才，擬耳目於日月，方聲氣乎風雷，其超出萬物亦已靈矣。,4,夫有 肖貌 天地 禀性 五才 拟 耳目 于 日月 方声 气 乎 风雷 其 超出 万物 亦 已灵 矣,夫有 肖貌 天地 禀性 五才 拟 耳目 于 日月 方声 气 乎 风雷 其 超出 万物 亦 已灵 矣,0
liuxie_shipin__shipin_01,liuxie_shipin__shipin_01__part01,詩品·序,鍾嶸,0,氣,氣之動物，物之感人，故搖盪性情，行諸舞詠。,0,气 之 动物 物 之 感人 故 摇荡 性情 行诸舞 咏,气 之 动物 物 之 感人 故 摇荡 性情 行诸 舞咏,1
liuxie_shipin__shipin_01,liuxie_shipin__shipin_01__part01,詩品·序,鍾嶸,443,氣,劉越石仗清剛之氣，贊成厥美。,21,刘越 石仗 清刚 之 气 赞成 厥 美,刘越 石仗 清刚 之 气 赞成 厥 美,0
liuxie_shipin__shipin_01,liuxie_shipin__shipin_01__part01,詩品·序,鍾嶸,873,氣,或負戈外戍，殺氣雄邊；,44,或 负戈外 戍 杀 气 雄边,或 负戈外 戍 杀 气 雄边,0
liuxie_shipin__shipin_02,liuxie_shipin__shipin_02__part01,詩品·卷上,鍾嶸,226,氣,骨氣奇高，詞采華茂，情兼雅怨，體被文質，粲溢今古，卓爾不群。,16,骨 气 奇高 词 采华茂 情兼雅怨 体 被 文质 粲溢 今古 卓尔不群,骨 气 奇高 词采 华茂 情兼雅怨 体 被 文质 粲溢 今古 卓尔不群,1
liuxie_shipin__shipin_02,liuxie_shipin__shipin_02__part01,詩品·卷上,鍾嶸,367,氣,仗氣愛奇，動多振絕。,22,仗 气 爱奇 动多振绝,仗 气 爱奇 动多振绝,0
liuxie_shipin__shipin_02,liuxie_shipin__shipin_02__part01,詩品·卷上,鍾嶸,387,氣,但氣過其文，雕潤恨少。,24,但 气 过其文 雕润 恨少,但 气 过其文 雕润 恨少,0
liuxie_shipin__shipin_02,liuxie_shipin__shipin_02__part01,詩品·卷上,鍾嶸,574,氣,氣少於公幹，文劣於仲宣。,39,气 少于 公干 文 劣于 仲宣,气 少于 公干 文 劣于 仲宣,0
liuxie_shipin__shipin_03,liuxie_shipin__shipin_03__part01,詩品·卷中,鍾嶸,207,氣,雖名高曩代，而疏亮之士，猶恨其兒女情多，風雲氣少。,13,虽名 高 曩 代 而 疏亮 之士 犹恨 其 儿女情 多 风云 气 少,虽名 高 曩 代 而 疏亮 之士 犹恨 其 儿女情 多 风云 气 少,0
liuxie_shipin__shipin_03,liuxie_shipin__shipin_03__part01,詩品·卷中,鍾嶸,453,氣,善為淒戾之詞，自有清拔之氣。,29,善为 凄戾 之词 自有 清拔 之 气,善为 凄戾 之词 自有 清拔 之 气,0
liuxie_shipin__shipin_03,liuxie_shipin__shipin_03__part01,詩品·卷中,鍾嶸,671,氣,觀此五子，文雖不多，氣調警拔，吾許其進，則鮑照、江淹未足逮止。,44,观此 五子 文 虽 不 多 气 调警拔 吾 许其进 则 鲍照 江淹 未足 逮止,观此 五子 文 虽 不 多 气 调警拔 吾许 其进 则 鲍照 江淹 未足 逮止,1
liuxie_shipin__shipin_04,liuxie_shipin__shipin_04__part01,詩品·卷下,鍾嶸,450,氣,希逸詩，氣候清雅，不逮於范、袁。,30,希 逸诗 气 候 清雅 不 逮于 范 袁,希 逸诗 气 候 清雅 不 逮于 范 袁,0
liuxie_shipin__shipin_04,liuxie_shipin__shipin_04__part01,詩品·卷下,鍾嶸,1233,氣,嘗語徐太尉云：“我詩有生氣，須人捉著。,81,尝语 徐 太尉 云 我 诗 有生 气 须 人 捉 著,尝语 徐 太尉 云 我 诗 有生 气 须 人 捉 著,0
