unit_id,title,author,old_tokens,new_tokens,segments,changed_segments
weijin__caopi_lunwen__part01,典論·論文,曹丕,347,347,38,10
weijin__caopi_wuzhi__part01,與吳質書（二月三日）,曹丕,324,326,35,10
weijin__luji_wenfu__part01,文賦並序,陸機,1012,1031,135,57
weijin__caozhi_yang__part01,與楊德祖書,曹植,380,386,34,14
weijin__yangxiu_lin__part01,答臨淄侯牋,楊修,267,274,28,8
weijin__chenlin_donge__part01,答東阿王牋,陳琳,72,74,9,3
weijin__zuosi_sandu__part01,三都賦序,左思,189,187,31,5
weijin__huangfu_sandu__part01,三都賦序,皇甫謐,360,361,33,15
weijin__gehong_鈞世__part01,抱朴子外篇·鈞世,葛洪,464,469,39,15
weijin__gehong_辭義__part01,抱朴子外篇·辭義,葛洪,352,357,35,14
weijin__gehong_文行__part01,抱朴子外篇·文行,葛洪,306,306,29,11
weijin__zhiyu_liubie__part01,文章流別論（輯佚）,摯虞,190,189,19,2
weijin__zhiyu_liubie__part02,文章流別論（輯佚）,摯虞,275,281,27,11
weijin__zhiyu_liubie__part03,文章流別論（輯佚）,摯虞,128,126,8,3
weijin__zhiyu_liubie__part04,文章流別論（輯佚）,摯虞,30,30,3,0
weijin__zhiyu_liubie__part05,文章流別論（輯佚）,摯虞,87,86,7,2
weijin__zhiyu_liubie__part06,文章流別論（輯佚）,摯虞,27,27,1,0
weijin__zhiyu_liubie__part07,文章流別論（輯佚）,摯虞,40,38,4,2
weijin__zhiyu_liubie__part08,文章流別論（輯佚）,摯虞,7,7,1,0
weijin__zhiyu_liubie__part09,文章流別論（輯佚）,摯虞,23,24,1,1
weijin__zhiyu_liubie__part10,文章流別論（輯佚）,摯虞,12,12,1,0
weijin__zhiyu_liubie__part11,文章流別論（輯佚）,摯虞,13,11,2,1
weijin__lichong_hanlin__part01,翰林論（輯佚）,李充,18,17,2,1
weijin__lichong_hanlin__part02,翰林論（輯佚）,李充,11,10,1,1
weijin__lichong_hanlin__part03,翰林論（輯佚）,李充,14,14,1,1
weijin__lichong_hanlin__part04,翰林論（輯佚）,李充,24,25,3,1
weijin__lichong_hanlin__part05,翰林論（輯佚）,李充,13,12,1,1
weijin__lichong_hanlin__part06,翰林論（輯佚）,李充,17,16,1,1
weijin__lichong_hanlin__part07,翰林論（輯佚）,李充,14,14,1,1
weijin__lichong_hanlin__part08,翰林論（輯佚）,李充,10,10,1,0
weijin__caozhi_qianlu__part01,前錄序（輯佚）,曹植,54,55,3,1
weijin__caozhi_qiqi__part01,七啟序,曹植,23,23,1,0
weijin__fuxuan_qimo__part01,七謨序（輯佚）,傅玄,138,141,6,2
weijin__fuxuan_lianzhu__part01,連珠序,傅玄,69,70,5,1
weijin__fuxuan_sichou__part01,擬四愁詩序,傅玄,13,14,2,2
weijin__luyun_pingyuan_03__part01,與兄平原書·第03札（本頁次序）,陸雲,99,99,10,1
weijin__luyun_pingyuan_04__part01,與兄平原書·第04札（本頁次序）,陸雲,77,78,7,1
weijin__luyun_pingyuan_05__part01,與兄平原書·第05札（本頁次序）,陸雲,105,108,13,3
weijin__luyun_pingyuan_06__part01,與兄平原書·第06札（本頁次序）,陸雲,95,96,7,1
weijin__luyun_pingyuan_07__part01,與兄平原書·第07札（本頁次序）,陸雲,138,138,13,3
weijin__luyun_pingyuan_09__part01,與兄平原書·第09札（本頁次序）,陸雲,104,107,13,4
weijin__luyun_pingyuan_10__part01,與兄平原書·第10札（本頁次序）,陸雲,85,83,7,3
weijin__luyun_pingyuan_11__part01,與兄平原書·第11札（本頁次序）,陸雲,144,143,13,3
weijin__luyun_pingyuan_12__part01,與兄平原書·第12札（本頁次序）,陸雲,110,113,12,4
weijin__luyun_pingyuan_13__part01,與兄平原書·第13札（本頁次序）,陸雲,81,86,10,3
weijin__luyun_pingyuan_14__part01,與兄平原書·第14札（本頁次序）,陸雲,61,63,10,2
weijin__luyun_pingyuan_15__part01,與兄平原書·第15札（本頁次序）,陸雲,127,129,13,6
weijin__luyun_pingyuan_16__part01,與兄平原書·第16札（本頁次序）,陸雲,108,108,11,3
weijin__luyun_pingyuan_17__part01,與兄平原書·第17札（本頁次序）,陸雲,110,113,11,6
weijin__luyun_pingyuan_18__part01,與兄平原書·第18札（本頁次序）,陸雲,143,145,19,6
weijin__luyun_pingyuan_19__part01,與兄平原書·第19札（本頁次序）,陸雲,122,125,13,3
weijin__luyun_pingyuan_20__part01,與兄平原書·第20札（本頁次序）,陸雲,127,124,7,2
weijin__luyun_pingyuan_21__part01,與兄平原書·第21札（本頁次序）,陸雲,217,217,19,6
weijin__luyun_pingyuan_22__part01,與兄平原書·第22札（本頁次序）,陸雲,120,125,12,4
weijin__luyun_pingyuan_25__part01,與兄平原書·第25札（本頁次序）,陸雲,115,119,11,3
weijin__luyun_pingyuan_26__part01,與兄平原書·第26札（本頁次序）,陸雲,70,69,9,3
weijin__luyun_pingyuan_27__part01,與兄平原書·第27札（本頁次序）,陸雲,87,85,8,4
weijin__luyun_pingyuan_29__part01,與兄平原書·第29札（本頁次序）,陸雲,78,78,10,2
weijin__luyun_pingyuan_31__part01,與兄平原書·第31札（本頁次序）,陸雲,62,62,6,1
weijin__luyun_pingyuan_32__part01,與兄平原書·第32札（本頁次序）,陸雲,82,82,9,0
weijin__luyun_pingyuan_34__part01,與兄平原書·第34札（本頁次序）,陸雲,48,49,5,1
weijin__luyun_pingyuan_35__part01,與兄平原書·第35札（本頁次序）,陸雲,41,42,4,1
southnorth__shenyue_daluejue__part01,答陸厥書,沈約,182,184,22,4
southnorth__shenyue_baowangjun__part01,報王筠書,沈約,67,66,9,1
southnorth__shenyue_baoliuyao__part01,報劉杳書,沈約,95,93,11,3
southnorth__shenyue_yufanshuzeng__part01,與范述曾論竟陵王賦書,沈約,24,27,3,2
southnorth__shenyue_daleai__part01,答樂藹書,沈約,73,76,7,3
southnorth__lujue_yushenyue__part01,與沈約書,陸厥,379,380,43,16
southnorth__shenyue_xielingyunlun__part01,宋書·謝靈運傳論,沈約,360,369,34,14
southnorth__xiaozixian_wenxue__part01,南齊書·文學傳論及贊,蕭子顯,405,403,46,18
southnorth__xiaoyi_neidianxu__part01,內典碑銘集林序,蕭繹,266,265,47,11
southnorth__peiziye_diaochong__part01,雕蟲論,裴子野,182,182,32,5
southnorth__jiangyan_zati__part01,雜體詩序,江淹,126,135,9,5
southnorth__xielingyun_yezhongxu__part01,擬魏太子鄴中集詩八首序,謝靈運,75,73,11,2
liuxie_shipin__liuxie_01__part01,文心雕龍·原道,劉勰,349,355,40,15
liuxie_shipin__liuxie_02__part01,文心雕龍·徵聖,劉勰,296,299,40,13
liuxie_shipin__liuxie_03__part01,文心雕龍·宗經,劉勰,380,387,35,18
liuxie_shipin__liuxie_04__part01,文心雕龍·正緯,劉勰,302,305,27,12
liuxie_shipin__liuxie_05__part01,文心雕龍·辨騷,劉勰,474,476,46,24
liuxie_shipin__liuxie_06__part01,文心雕龍·明詩,劉勰,503,501,57,22
liuxie_shipin__liuxie_07__part01,文心雕龍·樂府,劉勰,435,434,43,22
liuxie_shipin__liuxie_08__part01,文心雕龍·詮賦,劉勰,404,408,51,19
liuxie_shipin__liuxie_09__part01,文心雕龍·頌讚,劉勰,398,402,45,15
liuxie_shipin__liuxie_10__part01,文心雕龍·祝盟,劉勰,451,451,56,18
liuxie_shipin__liuxie_11__part01,文心雕龍·銘箴,劉勰,406,405,46,18
liuxie_shipin__liuxie_12__part01,文心雕龍·誄碑,劉勰,436,437,58,14
liuxie_shipin__liuxie_13__part01,文心雕龍·哀弔,劉勰,391,391,49,19
liuxie_shipin__liuxie_14__part01,文心雕龍·雜文,劉勰,392,394,54,16
liuxie_shipin__liuxie_15__part01,文心雕龍·諧讔,劉勰,403,400,47,21
liuxie_shipin__liuxie_16__part01,文心雕龍·史傳,劉勰,795,795,88,34
liuxie_shipin__liuxie_17__part01,文心雕龍·諸子,劉勰,509,517,55,22
liuxie_shipin__liuxie_18__part01,文心雕龍·論說,劉勰,599,604,90,30
liuxie_shipin__liuxie_19__part01,文心雕龍·詔策,劉勰,516,526,81,28
liuxie_shipin__liuxie_20__part01,文心雕龍·檄移,劉勰,432,431,40,13
liuxie_shipin__liuxie_21__part01,文心雕龍·封禪,劉勰,371,372,36,16
liuxie_shipin__liuxie_22__part01,文心雕龍·章表,劉勰,429,433,60,18
liuxie_shipin__liuxie_23__part01,文心雕龍·奏啟,劉勰,480,480,67,23
liuxie_shipin__liuxie_24__part01,文心雕龍·議對,劉勰,569,573,60,24
liuxie_shipin__liuxie_25__part01,文心雕龍·書記,劉勰,859,869,114,24
liuxie_shipin__liuxie_26__part01,文心雕龍·神思,劉勰,384,387,38,13
liuxie_shipin__liuxie_27__part01,文心雕龍·體性,劉勰,327,332,40,21
liuxie_shipin__liuxie_28__part01,文心雕龍·風骨,劉勰,346,347,37,13
liuxie_shipin__liuxie_29__part01,文心雕龍·通變,劉勰,355,361,50,13
liuxie_shipin__liuxie_30__part01,文心雕龍·定勢,劉勰,411,420,47,16
liuxie_shipin__liuxie_31__part01,文心雕龍·情采,劉勰,376,384,43,16
liuxie_shipin__liuxie_32__part01,文心雕龍·鎔裁,劉勰,311,315,42,12
liuxie_shipin__liuxie_33__part01,文心雕龍·聲律,劉勰,364,365,40,17
liuxie_shipin__liuxie_34__part01,文心雕龍·章句,劉勰,406,401,51,12
liuxie_shipin__liuxie_35__part01,文心雕龍·麗辭,劉勰,322,321,49,22
liuxie_shipin__liuxie_36__part01,文心雕龍·比興,劉勰,316,320,44,13
liuxie_shipin__liuxie_37__part01,文心雕龍·夸飾,劉勰,327,329,35,13
liuxie_shipin__liuxie_38__part01,文心雕龍·事類,劉勰,472,483,55,22
liuxie_shipin__liuxie_39__part01,文心雕龍·練字,劉勰,500,502,51,14
liuxie_shipin__liuxie_40__part01,文心雕龍·隱秀,劉勰,402,413,45,17
liuxie_shipin__liuxie_41__part01,文心雕龍·指瑕,劉勰,412,406,41,20
liuxie_shipin__liuxie_42__part01,文心雕龍·養氣,劉勰,305,307,28,4
liuxie_shipin__liuxie_43__part01,文心雕龍·附會,劉勰,349,349,33,17
liuxie_shipin__liuxie_44__part01,文心雕龍·總術,劉勰,350,357,42,18
liuxie_shipin__liuxie_45__part01,文心雕龍·時序,劉勰,866,870,61,41
liuxie_shipin__liuxie_46__part01,文心雕龍·物色,劉勰,369,377,45,13
liuxie_shipin__liuxie_47__part01,文心雕龍·才略,劉勰,832,832,87,32
liuxie_shipin__liuxie_48__part01,文心雕龍·知音,劉勰,427,425,40,16
liuxie_shipin__liuxie_49__part01,文心雕龍·程器,劉勰,375,381,26,12
liuxie_shipin__liuxie_50__part01,文心雕龍·序志,劉勰,493,493,33,14
liuxie_shipin__shipin_01__part01,詩品·序,鍾嶸,1044,1048,130,45
liuxie_shipin__shipin_02__part01,詩品·卷上,鍾嶸,449,458,69,20
liuxie_shipin__shipin_03__part01,詩品·卷中,鍾嶸,750,762,107,28
liuxie_shipin__shipin_04__part01,詩品·卷下,鍾嶸,606,612,91,26
