record_id,unit_id,mode,reused_v21,userdict_sha256,source_slice_sha256,simplified_sha256,all_qi_chars,retained_target_tokens,excluded_quote_qi_chars,kept_segments_all,kept_segments_nonempty,tokens,max_segment_tokens,quote_boundary_check,target_conservation,token_reconstruction
weijin__caopi_lunwen,weijin__caopi_lunwen__part01,rebuilt_with_userdict,False,d5f6e7694e3c71786232cbdad09b535ed5af730bd793a447e9476c42baa6eeff,a9f48aa3702223655c41f91c5baaff8bf042048b947f915ee0bcbc67a237b224,1df6940b6d7ea679ac6f5b6b965055eefb94300a74507a9b6f0c74d707aa6222,5,5,0,38,38,347,44,passed,passed,passed
weijin__caopi_wuzhi,weijin__caopi_wuzhi__part01,rebuilt_with_userdict,False,d5f6e7694e3c71786232cbdad09b535ed5af730bd793a447e9476c42baa6eeff,c82efbf6230485e77e907e31464f362ab8435be38f21ba76646c8495e04cad10,43a9200ab4945dd01be2778d9ddc842e4f86c3f668897e68a1cb667d4e88558f,1,1,0,35,35,326,20,passed,passed,passed
weijin__luji_wenfu,weijin__luji_wenfu__part01,rebuilt_with_userdict,False,d5f6e7694e3c71786232cbdad09b535ed5af730bd793a447e9476c42baa6eeff,a48916b9720db5e922a16222c95c72dbe770a65c191b0117cca4de8bde859cca,e30420ba3e409e47263af181b806cce35198388029c255d9afbc5af8ca114bd6,0,0,0,135,135,1031,17,passed,passed,passed
weijin__caozhi_yang,weijin__caozhi_yang__part01,rebuilt_with_userdict,False,d5f6e7694e3c71786232cbdad09b535ed5af730bd793a447e9476c42baa6eeff,511b7f786f116faf5e91c040355553d4e711dbd37542d3559fe220e1cd2874e3,b60df93cace7fcfd32fb9d65aab35f13d08c73fa00f7f93d73b1ebb85ded396a,0,0,0,34,34,386,33,passed,passed,passed
weijin__yangxiu_lin,weijin__yangxiu_lin__part01,rebuilt_with_userdict,False,d5f6e7694e3c71786232cbdad09b535ed5af730bd793a447e9476c42baa6eeff,f209c86d734eb9e3c249147ee4242a8bd4f0959899a1ec5245af0e4395d05fd9,80c6a2de28b1a2097052f32f22037d349e102d94685958a86dadeacf196cb83b,0,0,0,28,28,274,24,passed,passed,passed
weijin__chenlin_donge,weijin__chenlin_donge__part01,rebuilt_with_userdict,False,d5f6e7694e3c71786232cbdad09b535ed5af730bd793a447e9476c42baa6eeff,6eaf5067c9136b116d1ca6bf2d2171a423c6ec8d157dd9121aaeb5fed81958f5,e1b2ffc6e0550026c6be1e12c26e8cf0a20f0a51d4b446034da3e75d1fe00620,0,0,0,9,9,74,17,passed,passed,passed
weijin__zuosi_sandu,weijin__zuosi_sandu__part01,rebuilt_with_userdict,False,d5f6e7694e3c71786232cbdad09b535ed5af730bd793a447e9476c42baa6eeff,b51acbd8f52c6c79bcc1c27f034ef5420080dff59fb3f26792acaa4e5ea77c48,1bf15f580771646362ca2c47a82d07422c08458bfb9d7025caa1b94fb767d207,0,0,0,31,31,187,22,passed,passed,passed
weijin__huangfu_sandu,weijin__huangfu_sandu__part01,rebuilt_with_userdict,False,d5f6e7694e3c71786232cbdad09b535ed5af730bd793a447e9476c42baa6eeff,8551bcf3312968f51d7e71e31eeae79bb3e70942c89bd370dae76782a5daabf0,546754b0ebe8d520f1b92c57ecc6447ce01e56f5419503cd7b426de9cc3b00af,0,0,0,33,33,361,30,passed,passed,passed
weijin__gehong_鈞世,weijin__gehong_鈞世__part01,rebuilt_with_userdict,False,d5f6e7694e3c71786232cbdad09b535ed5af730bd793a447e9476c42baa6eeff,ffa2e11be8d8d0aca51f62964c6c5a54460efef0df402492f44002144c9f4d31,6b4a3fe4728f6e7c36d8fa293f4595cb78e81313e81aa6200b8bf543f85507fb,0,0,0,39,39,469,33,passed,passed,passed
weijin__gehong_辭義,weijin__gehong_辭義__part01,rebuilt_with_userdict,False,d5f6e7694e3c71786232cbdad09b535ed5af730bd793a447e9476c42baa6eeff,af335a478351d1b53e36f310984894ea5304d641a26d1c22dc50fe7ad00b44c5,0920e2b980ba148ca997727b240e74d74fdd76d0cd6cb0345819a7edeff29828,1,1,0,35,35,357,32,passed,passed,passed
weijin__gehong_文行,weijin__gehong_文行__part01,rebuilt_with_userdict,False,d5f6e7694e3c71786232cbdad09b535ed5af730bd793a447e9476c42baa6eeff,29b8d6c16ce303e74a8f5ad17c8934888fbb7085f99bf1b2d129201d4ce8853d,fed816c7f61b17e53311a8b178a3a7953e81c0bcb024ec373c7e2af9c95c027c,0,0,0,29,29,306,32,passed,passed,passed
weijin__zhiyu_liubie,weijin__zhiyu_liubie__part01,rebuilt_with_userdict,False,d5f6e7694e3c71786232cbdad09b535ed5af730bd793a447e9476c42baa6eeff,c7d2235b3af28e6fd7b4067e22830aecffcf9ff032fdfa5deb01bdd21c504105,3ca7a02067e74e80361efdb3daea4034dfb07d88a67dba6f6ce71a92f5e63b02,0,0,0,19,19,189,23,passed,passed,passed
weijin__zhiyu_liubie,weijin__zhiyu_liubie__part02,rebuilt_with_userdict,False,d5f6e7694e3c71786232cbdad09b535ed5af730bd793a447e9476c42baa6eeff,a7ca45d000fdab2ffb05dd05ffd32732e5fe8a756eb5c024f56c84dcc7b4448b,981b2eea74ccb065fb9064e6fd78fdeec53bdd63564e4231a7a58bb6f45b6e39,0,0,0,27,27,281,38,passed,passed,passed
weijin__zhiyu_liubie,weijin__zhiyu_liubie__part03,rebuilt_with_userdict,False,d5f6e7694e3c71786232cbdad09b535ed5af730bd793a447e9476c42baa6eeff,3e9685b6bde644147b389ee1d20938453bc968556c79d4e0eacebeaed5564138,3ac794ddc98b5dbc9d9a9064bdf9d005b67bbf25aa9d83d4e2f6bb5a7df1c8a4,0,0,0,8,8,126,38,passed,passed,passed
weijin__zhiyu_liubie,weijin__zhiyu_liubie__part04,rebuilt_with_userdict,False,d5f6e7694e3c71786232cbdad09b535ed5af730bd793a447e9476c42baa6eeff,2d21ad8a3eafd6f4d2b1e17cae540f999d0b293e3d046427590a13b0c30ff469,2d21ad8a3eafd6f4d2b1e17cae540f999d0b293e3d046427590a13b0c30ff469,0,0,0,3,3,30,15,passed,passed,passed
weijin__zhiyu_liubie,weijin__zhiyu_liubie__part05,rebuilt_with_userdict,False,d5f6e7694e3c71786232cbdad09b535ed5af730bd793a447e9476c42baa6eeff,90720aa6d171e935274031514f546bccf78bc490c1e02ecc077b52663b7a3210,b750af1d15e67dd501aa1be0cbced9f8e4d07b86ae34447754ee7b60d5b5bc0c,0,0,0,7,7,86,20,passed,passed,passed
weijin__zhiyu_liubie,weijin__zhiyu_liubie__part06,rebuilt_with_userdict,False,d5f6e7694e3c71786232cbdad09b535ed5af730bd793a447e9476c42baa6eeff,891f6dff0349b9fc86429acc60ee6ed0dfb51a55339e58e94241a5487d99168c,891f6dff0349b9fc86429acc60ee6ed0dfb51a55339e58e94241a5487d99168c,0,0,0,1,1,27,27,passed,passed,passed
weijin__zhiyu_liubie,weijin__zhiyu_liubie__part07,rebuilt_with_userdict,False,d5f6e7694e3c71786232cbdad09b535ed5af730bd793a447e9476c42baa6eeff,2fa1541a0b397847ce00ed34688b798c771f8feb82fa62ba86de4c370353b99c,2fa1541a0b397847ce00ed34688b798c771f8feb82fa62ba86de4c370353b99c,0,0,0,4,4,38,13,passed,passed,passed
weijin__zhiyu_liubie,weijin__zhiyu_liubie__part08,rebuilt_with_userdict,False,d5f6e7694e3c71786232cbdad09b535ed5af730bd793a447e9476c42baa6eeff,6a4e6cc99aff192065a1695182e5ba165851b1465c9d59fa672f00d38dd55576,6a4e6cc99aff192065a1695182e5ba165851b1465c9d59fa672f00d38dd55576,0,0,0,1,1,7,7,passed,passed,passed
weijin__zhiyu_liubie,weijin__zhiyu_liubie__part09,rebuilt_with_userdict,False,d5f6e7694e3c71786232cbdad09b535ed5af730bd793a447e9476c42baa6eeff,78c0acb3e13527e9a4cae3751b0ac054bed3f64835e48a7d9bd4e1176891d69c,78c0acb3e13527e9a4cae3751b0ac054bed3f64835e48a7d9bd4e1176891d69c,0,0,0,1,1,24,24,passed,passed,passed
weijin__zhiyu_liubie,weijin__zhiyu_liubie__part10,rebuilt_with_userdict,False,d5f6e7694e3c71786232cbdad09b535ed5af730bd793a447e9476c42baa6eeff,7174457086d93a88e44e7c1b4ac3e3184341e9e221228530242c6e0c545c8465,637f008e85d12f2448d41bb663799bb64e0271cf70dabd0b906378684e557ae6,0,0,0,1,1,12,12,passed,passed,passed
weijin__zhiyu_liubie,weijin__zhiyu_liubie__part11,rebuilt_with_userdict,False,d5f6e7694e3c71786232cbdad09b535ed5af730bd793a447e9476c42baa6eeff,6cce3873de7213b65131a7584e861229f936176c106af45c5ed42e1f974b6955,3c577590c0a5846386fd953f3e19c926a346314c155bb49278c4a0826accb19c,0,0,0,2,2,11,6,passed,passed,passed
weijin__lichong_hanlin,weijin__lichong_hanlin__part01,rebuilt_with_userdict,False,d5f6e7694e3c71786232cbdad09b535ed5af730bd793a447e9476c42baa6eeff,7a5e3c661ac6a442cc36731222f16ae8ef117480b52ae65f763311d15d02bae8,7a5e3c661ac6a442cc36731222f16ae8ef117480b52ae65f763311d15d02bae8,0,0,0,2,2,17,11,passed,passed,passed
weijin__lichong_hanlin,weijin__lichong_hanlin__part02,rebuilt_with_userdict,False,d5f6e7694e3c71786232cbdad09b535ed5af730bd793a447e9476c42baa6eeff,a8d34aa6ae8349a1681d7d272bf84fc5886bc7c3a1056aca446adc308584641d,a8d34aa6ae8349a1681d7d272bf84fc5886bc7c3a1056aca446adc308584641d,0,0,0,1,1,10,10,passed,passed,passed
weijin__lichong_hanlin,weijin__lichong_hanlin__part03,rebuilt_with_userdict,False,d5f6e7694e3c71786232cbdad09b535ed5af730bd793a447e9476c42baa6eeff,4554286f637f77309f2f166b2c4fd4b97f6a1a625fd8acef915e5d9e40db6de5,4554286f637f77309f2f166b2c4fd4b97f6a1a625fd8acef915e5d9e40db6de5,0,0,0,1,1,14,14,passed,passed,passed
weijin__lichong_hanlin,weijin__lichong_hanlin__part04,rebuilt_with_userdict,False,d5f6e7694e3c71786232cbdad09b535ed5af730bd793a447e9476c42baa6eeff,fb3d8876152be60ad0ef7bfc7dfb1bfdbd27ffad159284a59b35ba2075a2f4ef,fb3d8876152be60ad0ef7bfc7dfb1bfdbd27ffad159284a59b35ba2075a2f4ef,0,0,0,3,3,25,11,passed,passed,passed
weijin__lichong_hanlin,weijin__lichong_hanlin__part05,rebuilt_with_userdict,False,d5f6e7694e3c71786232cbdad09b535ed5af730bd793a447e9476c42baa6eeff,d0d11ed03adc14ccf612b3d536338572695589e515336e79803c6ef8108c83e3,d0d11ed03adc14ccf612b3d536338572695589e515336e79803c6ef8108c83e3,0,0,0,1,1,12,12,passed,passed,passed
weijin__lichong_hanlin,weijin__lichong_hanlin__part06,rebuilt_with_userdict,False,d5f6e7694e3c71786232cbdad09b535ed5af730bd793a447e9476c42baa6eeff,660d28078cdbdd49077eed082655513256e50aab6cae11e99df2c562fbbc5181,660d28078cdbdd49077eed082655513256e50aab6cae11e99df2c562fbbc5181,0,0,0,1,1,16,16,passed,passed,passed
weijin__lichong_hanlin,weijin__lichong_hanlin__part07,rebuilt_with_userdict,False,d5f6e7694e3c71786232cbdad09b535ed5af730bd793a447e9476c42baa6eeff,1df0997ce59b05f28373a84db1012ccd5bee576b5133cd5e1705a576a4c757d4,1df0997ce59b05f28373a84db1012ccd5bee576b5133cd5e1705a576a4c757d4,0,0,0,1,1,14,14,passed,passed,passed
weijin__lichong_hanlin,weijin__lichong_hanlin__part08,rebuilt_with_userdict,False,d5f6e7694e3c71786232cbdad09b535ed5af730bd793a447e9476c42baa6eeff,78b09dcd56d5f433fc84fcfa79adb54930438f0e458e1eb78c1878ebca95df54,78b09dcd56d5f433fc84fcfa79adb54930438f0e458e1eb78c1878ebca95df54,0,0,0,1,1,10,10,passed,passed,passed
weijin__caozhi_qianlu,weijin__caozhi_qianlu__part01,rebuilt_with_userdict,False,d5f6e7694e3c71786232cbdad09b535ed5af730bd793a447e9476c42baa6eeff,1e1e29437fcaa1cd8a1a0cf5987a80e6fc8e8cfae94206db578414025da6dbd1,05a762ca8634fb48c767f3110e475044f526ba8404136811528e81e5e45ae61d,0,0,0,3,3,55,25,passed,passed,passed
weijin__caozhi_qiqi,weijin__caozhi_qiqi__part01,rebuilt_with_userdict,False,d5f6e7694e3c71786232cbdad09b535ed5af730bd793a447e9476c42baa6eeff,6d2fedfff0ce5c3811389d56bab190bf44b9db249878fe352e25ab370030db19,fd332323c5d4939d044114a4c5cc95e4ac520b28cf567f354af45b3634f1fa27,0,0,0,1,1,23,23,passed,passed,passed
weijin__fuxuan_qimo,weijin__fuxuan_qimo__part01,rebuilt_with_userdict,False,d5f6e7694e3c71786232cbdad09b535ed5af730bd793a447e9476c42baa6eeff,f36cd23039fb24f0c1757802a9c71ab5d2a5c59cbcba0d17c80f132e2d9bfa8c,7537e07e8ba53f90d45a40c4f4db9c496d353b9562f50275f1b6ce56081278ea,0,0,0,6,6,141,65,passed,passed,passed
weijin__fuxuan_lianzhu,weijin__fuxuan_lianzhu__part01,rebuilt_with_userdict,False,d5f6e7694e3c71786232cbdad09b535ed5af730bd793a447e9476c42baa6eeff,4a2349997882303777990771e71a565bb421c9cde903252ddba2e2d255463757,4a2349997882303777990771e71a565bb421c9cde903252ddba2e2d255463757,0,0,0,5,5,70,31,passed,passed,passed
weijin__fuxuan_sichou,weijin__fuxuan_sichou__part01,rebuilt_with_userdict,False,d5f6e7694e3c71786232cbdad09b535ed5af730bd793a447e9476c42baa6eeff,729c665eaf31a38d31cd2f1cbe721633e290cbec70680a2b4314fcd1e6d8f7d9,729c665eaf31a38d31cd2f1cbe721633e290cbec70680a2b4314fcd1e6d8f7d9,0,0,0,2,2,14,8,passed,passed,passed
weijin__luyun_pingyuan_03,weijin__luyun_pingyuan_03__part01,rebuilt_with_userdict,False,d5f6e7694e3c71786232cbdad09b535ed5af730bd793a447e9476c42baa6eeff,8ae5689792ee0cf13f0197b82916b627576de7336af45902d62fae5ea70b9892,8ae5689792ee0cf13f0197b82916b627576de7336af45902d62fae5ea70b9892,0,0,0,10,10,99,21,passed,passed,passed
weijin__luyun_pingyuan_04,weijin__luyun_pingyuan_04__part01,rebuilt_with_userdict,False,d5f6e7694e3c71786232cbdad09b535ed5af730bd793a447e9476c42baa6eeff,495113f232d450e693251b85503ddae82e759be11097f78af85fc4b5f52115b0,e0123f854cea19fc22deed3612d33f47cf1f0c833e53df31c0b81c46b0fa33d5,0,0,0,7,7,78,19,passed,passed,passed
weijin__luyun_pingyuan_05,weijin__luyun_pingyuan_05__part01,rebuilt_with_userdict,False,d5f6e7694e3c71786232cbdad09b535ed5af730bd793a447e9476c42baa6eeff,c2a60e08bea24b36171e30001e5f6ec34322f570d54da01a860ed3be0020d1f9,c2a60e08bea24b36171e30001e5f6ec34322f570d54da01a860ed3be0020d1f9,0,0,0,13,13,108,23,passed,passed,passed
weijin__luyun_pingyuan_06,weijin__luyun_pingyuan_06__part01,rebuilt_with_userdict,False,d5f6e7694e3c71786232cbdad09b535ed5af730bd793a447e9476c42baa6eeff,aada5571b074ba7c74801a1938ce0300749dc3b7ebce414dbd8bcac966d263cc,aada5571b074ba7c74801a1938ce0300749dc3b7ebce414dbd8bcac966d263cc,0,0,0,7,7,96,25,passed,passed,passed
weijin__luyun_pingyuan_07,weijin__luyun_pingyuan_07__part01,rebuilt_with_userdict,False,d5f6e7694e3c71786232cbdad09b535ed5af730bd793a447e9476c42baa6eeff,04e0a59e80907a57292f098c6826057ba5a7c4c4b230919522dda8699eb4fe9c,04e0a59e80907a57292f098c6826057ba5a7c4c4b230919522dda8699eb4fe9c,0,0,0,13,13,138,21,passed,passed,passed
weijin__luyun_pingyuan_09,weijin__luyun_pingyuan_09__part01,rebuilt_with_userdict,False,d5f6e7694e3c71786232cbdad09b535ed5af730bd793a447e9476c42baa6eeff,27a2064ef836f6f4b1418f1a7c50ebcf56d26980de9d1cf348d37109a286105b,27a2064ef836f6f4b1418f1a7c50ebcf56d26980de9d1cf348d37109a286105b,0,0,0,13,13,107,15,passed,passed,passed
weijin__luyun_pingyuan_10,weijin__luyun_pingyuan_10__part01,rebuilt_with_userdict,False,d5f6e7694e3c71786232cbdad09b535ed5af730bd793a447e9476c42baa6eeff,6696e37c17124917f399aae26d50f8453662e30ce9cbca5cf1cbfa765e8f3df1,6696e37c17124917f399aae26d50f8453662e30ce9cbca5cf1cbfa765e8f3df1,0,0,0,7,7,83,20,passed,passed,passed
weijin__luyun_pingyuan_11,weijin__luyun_pingyuan_11__part01,rebuilt_with_userdict,False,d5f6e7694e3c71786232cbdad09b535ed5af730bd793a447e9476c42baa6eeff,7a8a2701fcd07c0a717ecc6d5c2f7018a3ec9424bbe64ea3ae08b4778198268e,61473829dbd2e30e83897e5438dfae8971d44c766792416b9374bcf7d0fd2690,0,0,0,13,13,143,20,passed,passed,passed
weijin__luyun_pingyuan_12,weijin__luyun_pingyuan_12__part01,rebuilt_with_userdict,False,d5f6e7694e3c71786232cbdad09b535ed5af730bd793a447e9476c42baa6eeff,e2a3f0e2225872719c2acdb477751aef6a5bef98ba43e605f45be3ec27ab9f4c,e2a3f0e2225872719c2acdb477751aef6a5bef98ba43e605f45be3ec27ab9f4c,0,0,0,12,12,113,24,passed,passed,passed
weijin__luyun_pingyuan_13,weijin__luyun_pingyuan_13__part01,rebuilt_with_userdict,False,d5f6e7694e3c71786232cbdad09b535ed5af730bd793a447e9476c42baa6eeff,9210da1ac78e66f54ce352128499b2956205f5fd6e86fbbd0dbb25efce4c4f0f,9210da1ac78e66f54ce352128499b2956205f5fd6e86fbbd0dbb25efce4c4f0f,0,0,0,10,10,86,17,passed,passed,passed
weijin__luyun_pingyuan_14,weijin__luyun_pingyuan_14__part01,rebuilt_with_userdict,False,d5f6e7694e3c71786232cbdad09b535ed5af730bd793a447e9476c42baa6eeff,c0393f0fde681ed43cd751be23f5bdbb9e2a442c1e52326cdfef20adf5a3e105,c0393f0fde681ed43cd751be23f5bdbb9e2a442c1e52326cdfef20adf5a3e105,0,0,0,10,10,63,12,passed,passed,passed
weijin__luyun_pingyuan_15,weijin__luyun_pingyuan_15__part01,rebuilt_with_userdict,False,d5f6e7694e3c71786232cbdad09b535ed5af730bd793a447e9476c42baa6eeff,92cfa195520049ea2bef5de104e794c17535f054d43155764d35ba3e8fdb376c,133e8fc0ed72e29370610a99db4f45dbcb5d532e251ede7196142cf195767f23,0,0,0,13,13,129,21,passed,passed,passed
weijin__luyun_pingyuan_16,weijin__luyun_pingyuan_16__part01,rebuilt_with_userdict,False,d5f6e7694e3c71786232cbdad09b535ed5af730bd793a447e9476c42baa6eeff,cb112d57f4048c6309c1710af00778fb912498f2a24f20294a96ccaf72d6ec8c,eee1e270e05d76519856b0ab475383d2b6e2d65bdb28a1c69dc7999f35197068,0,0,0,11,11,108,23,passed,passed,passed
weijin__luyun_pingyuan_17,weijin__luyun_pingyuan_17__part01,rebuilt_with_userdict,False,d5f6e7694e3c71786232cbdad09b535ed5af730bd793a447e9476c42baa6eeff,dcb497f6bcfb9de5f09e96e1e1c742999a66efd4940551508412b12849b950a6,61f7f95a1ce9d4cd2de7b48bcc60de48ac6cc17bbf2f9e52763fe2544c8629ff,0,0,0,11,11,113,31,passed,passed,passed
weijin__luyun_pingyuan_18,weijin__luyun_pingyuan_18__part01,rebuilt_with_userdict,False,d5f6e7694e3c71786232cbdad09b535ed5af730bd793a447e9476c42baa6eeff,f11ecc0ed099cd06e0342439f0bf78174e1cb4ef501345452c7f331be1c00390,f11ecc0ed099cd06e0342439f0bf78174e1cb4ef501345452c7f331be1c00390,0,0,0,19,19,145,17,passed,passed,passed
weijin__luyun_pingyuan_19,weijin__luyun_pingyuan_19__part01,rebuilt_with_userdict,False,d5f6e7694e3c71786232cbdad09b535ed5af730bd793a447e9476c42baa6eeff,1941483bccacbd2848021a0aa59e2d70f00284b1b8fce51ba08a1487f29012cc,1941483bccacbd2848021a0aa59e2d70f00284b1b8fce51ba08a1487f29012cc,0,0,0,13,13,125,21,passed,passed,passed
weijin__luyun_pingyuan_20,weijin__luyun_pingyuan_20__part01,rebuilt_with_userdict,False,d5f6e7694e3c71786232cbdad09b535ed5af730bd793a447e9476c42baa6eeff,18acf6141973e5713664a97472cd8a1863e12c756d932626cf46f253dae42c07,9de7cda4fa7a1c559e85cb111c037aec2ad2b847b491569d6b349e9e40707a2f,0,0,0,7,7,124,24,passed,passed,passed
weijin__luyun_pingyuan_21,weijin__luyun_pingyuan_21__part01,rebuilt_with_userdict,False,d5f6e7694e3c71786232cbdad09b535ed5af730bd793a447e9476c42baa6eeff,f302471d9fcfcac0aa5fa5519c591e6a36d2b21f0f51a9b11fe5a08d9721e8cf,65f9576fc8bc68f4e85d4ae142f711429f7ef06ad0b65a55c863918630008a1a,0,0,0,19,19,217,26,passed,passed,passed
weijin__luyun_pingyuan_22,weijin__luyun_pingyuan_22__part01,rebuilt_with_userdict,False,d5f6e7694e3c71786232cbdad09b535ed5af730bd793a447e9476c42baa6eeff,994818153382c353c0a3745eaf5569a63ca53671b3633d295a43d67232aa5402,233950139e4d09ae96f0828706f5266d97ad10a637349cf3784fb376c31729df,0,0,0,12,12,125,40,passed,passed,passed
weijin__luyun_pingyuan_25,weijin__luyun_pingyuan_25__part01,rebuilt_with_userdict,False,d5f6e7694e3c71786232cbdad09b535ed5af730bd793a447e9476c42baa6eeff,4f286ac6ac0e53e7433938583d3abec0ff698823ef82777da8f9199623d2c1a2,4f286ac6ac0e53e7433938583d3abec0ff698823ef82777da8f9199623d2c1a2,0,0,0,11,11,119,31,passed,passed,passed
weijin__luyun_pingyuan_26,weijin__luyun_pingyuan_26__part01,rebuilt_with_userdict,False,d5f6e7694e3c71786232cbdad09b535ed5af730bd793a447e9476c42baa6eeff,b95899df8899273e68e223cd10e417e050f1fb99ce85d5189c93c624cafb2b62,b95899df8899273e68e223cd10e417e050f1fb99ce85d5189c93c624cafb2b62,0,0,0,9,9,69,15,passed,passed,passed
weijin__luyun_pingyuan_27,weijin__luyun_pingyuan_27__part01,rebuilt_with_userdict,False,d5f6e7694e3c71786232cbdad09b535ed5af730bd793a447e9476c42baa6eeff,1736d400afa669c36e814721e007c980adc0cfc09ca37571c6615b576ea89e7d,1736d400afa669c36e814721e007c980adc0cfc09ca37571c6615b576ea89e7d,0,0,0,8,8,85,21,passed,passed,passed
weijin__luyun_pingyuan_29,weijin__luyun_pingyuan_29__part01,rebuilt_with_userdict,False,d5f6e7694e3c71786232cbdad09b535ed5af730bd793a447e9476c42baa6eeff,8a4b539282ea907780bbde953cb486b172c69961e771d53054d8df7b2e85ac85,a35d291c4e0dac20ddc8f0b8b5851f2a549eaf0a4c2bdc51a0801c2026d68e8f,0,0,0,10,10,78,12,passed,passed,passed
weijin__luyun_pingyuan_31,weijin__luyun_pingyuan_31__part01,rebuilt_with_userdict,False,d5f6e7694e3c71786232cbdad09b535ed5af730bd793a447e9476c42baa6eeff,39cbbc2aadf073d9c0407fcf133f8376815fd62b90d8f0f19889e44d0cb46ec1,39cbbc2aadf073d9c0407fcf133f8376815fd62b90d8f0f19889e44d0cb46ec1,0,0,0,6,6,62,16,passed,passed,passed
weijin__luyun_pingyuan_32,weijin__luyun_pingyuan_32__part01,rebuilt_with_userdict,False,d5f6e7694e3c71786232cbdad09b535ed5af730bd793a447e9476c42baa6eeff,ec9e0852eed0550b3485670489025d3c55431a02c92bdd29e60b9296e50cb5d8,ec9e0852eed0550b3485670489025d3c55431a02c92bdd29e60b9296e50cb5d8,0,0,0,9,9,82,17,passed,passed,passed
weijin__luyun_pingyuan_34,weijin__luyun_pingyuan_34__part01,rebuilt_with_userdict,False,d5f6e7694e3c71786232cbdad09b535ed5af730bd793a447e9476c42baa6eeff,62c8aedc615859934965f0ddabf504358bf14de7af7dac74b38b103b62eb953e,e19779a7f553cfdd0580cc8fb11a38f96ab35913b03d5c1c9b2bc1fc52702ec3,0,0,0,5,5,49,20,passed,passed,passed
weijin__luyun_pingyuan_35,weijin__luyun_pingyuan_35__part01,rebuilt_with_userdict,False,d5f6e7694e3c71786232cbdad09b535ed5af730bd793a447e9476c42baa6eeff,28326f8c83534eee51a537d7d615c0e0aa59dab37ce1e2d8d47b5073140fcc69,28326f8c83534eee51a537d7d615c0e0aa59dab37ce1e2d8d47b5073140fcc69,0,0,0,4,4,42,17,passed,passed,passed
southnorth__shenyue_daluejue,southnorth__shenyue_daluejue__part01,rebuilt_with_userdict,False,d5f6e7694e3c71786232cbdad09b535ed5af730bd793a447e9476c42baa6eeff,5a03d70b261f1e59de4b0465e770b9b6fa43bbc72231384aaa9c473509f9d980,de12324ab1b9b010344293d60647c5359ce65edb33096028b5064081f94e04a8,0,0,0,22,22,184,15,passed,passed,passed
southnorth__shenyue_baowangjun,southnorth__shenyue_baowangjun__part01,rebuilt_with_userdict,False,d5f6e7694e3c71786232cbdad09b535ed5af730bd793a447e9476c42baa6eeff,c67deb94f7a6b97c9cb0394348ff723c69bd1fc702d85cc3b02763521a74f988,07e7866ec82ebe4a4f6f5886a2bc0997c40dc47445d5940355f0b7cca2098922,0,0,0,9,9,66,11,passed,passed,passed
southnorth__shenyue_baoliuyao,southnorth__shenyue_baoliuyao__part01,rebuilt_with_userdict,False,d5f6e7694e3c71786232cbdad09b535ed5af730bd793a447e9476c42baa6eeff,cdf84d69d1b8eaa3cfe6aebedf983058d0a144408883c524fb251a351dd124c1,48f2232a3abf91a8b72617b01395170fa756507c1417e7ff70b6a52b2e087b9d,0,0,0,11,11,93,14,passed,passed,passed
southnorth__shenyue_yufanshuzeng,southnorth__shenyue_yufanshuzeng__part01,rebuilt_with_userdict,False,d5f6e7694e3c71786232cbdad09b535ed5af730bd793a447e9476c42baa6eeff,f61be917a1061bd77561f191e580dd522293722360034f615b4cb5ab23916c19,87ca95c967273815c61b7b9cd56746c9ed3fffe723a295904d39e2674c00fc37,0,0,0,3,3,27,14,passed,passed,passed
southnorth__shenyue_daleai,southnorth__shenyue_daleai__part01,rebuilt_with_userdict,False,d5f6e7694e3c71786232cbdad09b535ed5af730bd793a447e9476c42baa6eeff,5b3634566d231190da8055c5bf65f033d9d2100bf511019433d86b3ccff628cd,4cc765ee5ae1bcd31ec720904552ba3d4f931219877b67643a0d7e78f7ddd744,0,0,0,7,7,76,17,passed,passed,passed
southnorth__lujue_yushenyue,southnorth__lujue_yushenyue__part01,rebuilt_with_userdict,False,d5f6e7694e3c71786232cbdad09b535ed5af730bd793a447e9476c42baa6eeff,b55e6165638f0218add237adf6f346d01698b7563e760a9085dc2fcf7262fec0,fb7263efd9c5d5b7915ff03dfebc95fab18ac530a9d2bf4c1e5f12aab358524a,0,0,0,43,43,380,35,passed,passed,passed
southnorth__shenyue_xielingyunlun,southnorth__shenyue_xielingyunlun__part01,rebuilt_with_userdict,False,d5f6e7694e3c71786232cbdad09b535ed5af730bd793a447e9476c42baa6eeff,6111af3971a70ddaddcd2e8e27411862b78e9be8400af7904f96e0c50002964d,6c7e38517973636ef9d4e054c71808ead9d2d4dbcf84de06532e8eb628e96e53,4,4,0,34,34,369,26,passed,passed,passed
southnorth__xiaozixian_wenxue,southnorth__xiaozixian_wenxue__part01,rebuilt_with_userdict,False,d5f6e7694e3c71786232cbdad09b535ed5af730bd793a447e9476c42baa6eeff,c75db84dd0b0d47c5d09e69d8c8cac4c2797128849deb75e26145ef36972d9dc,fb343cf56f42936354423b154229ef88a5de317b73dbba36e0e7ae0ef595b1d6,2,2,0,46,46,403,26,passed,passed,passed
southnorth__xiaoyi_neidianxu,southnorth__xiaoyi_neidianxu__part01,rebuilt_with_userdict,False,d5f6e7694e3c71786232cbdad09b535ed5af730bd793a447e9476c42baa6eeff,05b7149a9fe074ed67278ab4392eaa6a88cf3400d89fa2a083939286baf4688b,0f0cebaec9db5e9cd9ec67b2c10d9a3306df53559e0d916737ac211542d59196,0,0,0,47,47,265,12,passed,passed,passed
southnorth__peiziye_diaochong,southnorth__peiziye_diaochong__part01,rebuilt_with_userdict,False,d5f6e7694e3c71786232cbdad09b535ed5af730bd793a447e9476c42baa6eeff,9f7fbe75d93ec74c2f20e1ecd14da1faf8ddf0546263196aa87a707c967b6180,b0f28a308452bcebf7c71ca748cfe8d1ad4eaf15de75e5598790958f5184db0e,0,0,0,32,32,182,12,passed,passed,passed
southnorth__jiangyan_zati,southnorth__jiangyan_zati__part01,rebuilt_with_userdict,False,d5f6e7694e3c71786232cbdad09b535ed5af730bd793a447e9476c42baa6eeff,4956e666e5137a43039b6ad6d06b87b0cbe749c9ad16ec6ca95f732124e0f36d,f5bd21a1c0859f176b8d0140632477988c71bdc2c0b49a25b93664cf1b9b857b,1,1,0,9,9,135,21,passed,passed,passed
southnorth__xielingyun_yezhongxu,southnorth__xielingyun_yezhongxu__part01,rebuilt_with_userdict,False,d5f6e7694e3c71786232cbdad09b535ed5af730bd793a447e9476c42baa6eeff,ad1c1b7a23cf0f6a7ab80db415f932b590a64be5dc69e6fc29ec95c443ab7ca3,46a50188160febbef0ec1a5ec429c5198c179ce829eadf1d8f090d0510b44152,0,0,0,11,11,73,13,passed,passed,passed
liuxie_shipin__liuxie_01,liuxie_shipin__liuxie_01__part01,rebuilt_with_userdict,False,d5f6e7694e3c71786232cbdad09b535ed5af730bd793a447e9476c42baa6eeff,cda2713ad377810e8496abd20e362ef7656d156c87b63fea99c6cc8d4772564c,91fd23a8e48c5ab2661f11809fb74de60f51d0779bf8b43ada28e29d91643804,0,0,0,40,40,355,29,passed,passed,passed
liuxie_shipin__liuxie_02,liuxie_shipin__liuxie_02__part01,rebuilt_with_userdict,False,d5f6e7694e3c71786232cbdad09b535ed5af730bd793a447e9476c42baa6eeff,b24a14ba20198a4a667cf401d2c112121aab4e4a53a0172c0d2f65210964c518,c7ec6b6e1d00893f2b8e11da317adfc4808586ed98cd56bc135a0770677c5342,1,1,0,40,40,299,22,passed,passed,passed
liuxie_shipin__liuxie_03,liuxie_shipin__liuxie_03__part01,rebuilt_with_userdict,False,d5f6e7694e3c71786232cbdad09b535ed5af730bd793a447e9476c42baa6eeff,c82fc221544880297d43da31f769f84396d4e42542403d2b3419c4202a5bac10,812c3db3765c8bf85f0c8bbf79410a4f31e99815718c8a3ebb5c1db43160b383,0,0,0,35,35,387,35,passed,passed,passed
liuxie_shipin__liuxie_04,liuxie_shipin__liuxie_04__part01,rebuilt_with_userdict,False,d5f6e7694e3c71786232cbdad09b535ed5af730bd793a447e9476c42baa6eeff,9d6b902524ba6ac7a984c128448a8bfb3f616f38012c562837158e3c25661940,7e892390f2614663d2633c8702e9b682be11308e899c9431de3eb23e90a6587e,0,0,0,27,27,305,27,passed,passed,passed
liuxie_shipin__liuxie_05,liuxie_shipin__liuxie_05__part01,rebuilt_with_userdict,False,d5f6e7694e3c71786232cbdad09b535ed5af730bd793a447e9476c42baa6eeff,1c60e8a4006adb2a643103fd110999e87db47f73381cc68a3c6f2fa1f89d8b6f,fff04a5e010a65728e06be943395e74ec9e7090f364b10a72991326320372cec,1,1,0,46,46,476,36,passed,passed,passed
liuxie_shipin__liuxie_06,liuxie_shipin__liuxie_06__part01,rebuilt_with_userdict,False,d5f6e7694e3c71786232cbdad09b535ed5af730bd793a447e9476c42baa6eeff,297582c2f9227982ca6f60d33255735104eb4653e5524e9e8c5a0c98de0d1e33,d681e0c30b5301998ba1bd25e99f67b1826f64216f4345fc156da3000508b032,1,1,0,57,57,501,31,passed,passed,passed
liuxie_shipin__liuxie_07,liuxie_shipin__liuxie_07__part01,rebuilt_with_userdict,False,d5f6e7694e3c71786232cbdad09b535ed5af730bd793a447e9476c42baa6eeff,725aff54b11ba108aebf24808148562ebb27935e8a107b05bf04a9e17ec8b8e8,04557216730f4cd8f625b7e06853baeb9471c0de010d757e21c909423d14e7b8,3,3,0,43,43,434,38,passed,passed,passed
liuxie_shipin__liuxie_08,liuxie_shipin__liuxie_08__part01,rebuilt_with_userdict,False,d5f6e7694e3c71786232cbdad09b535ed5af730bd793a447e9476c42baa6eeff,e1cbc662b1caa775ab6536ffadfe3fbf120a1be096d0a43581a0ce55d22d3e8f,c5cc475fb60281497e043e334dd24dbef1929da02b8954807c824903b116804b,0,0,0,51,51,408,29,passed,passed,passed
liuxie_shipin__liuxie_09,liuxie_shipin__liuxie_09__part01,rebuilt_with_userdict,False,d5f6e7694e3c71786232cbdad09b535ed5af730bd793a447e9476c42baa6eeff,126fb2bfd082a0e8fa0211b90a30ea65966bdc716c0bce8dda7c6de600aac378,14764b7bfb048950950b6e238c5bb2a46a01d3088918d5090f21d477a852c984,0,0,0,45,45,402,28,passed,passed,passed
liuxie_shipin__liuxie_10,liuxie_shipin__liuxie_10__part01,rebuilt_with_userdict,False,d5f6e7694e3c71786232cbdad09b535ed5af730bd793a447e9476c42baa6eeff,dd860d312fb69dd90f6b18f85e6e6c5b3bd8f4ad60c13dbf5949343d94963e0a,8eb8148128b50543cdce7242bfab992f78d78d5f0f9fa563135671b3d4d909e7,1,1,0,56,56,451,26,passed,passed,passed
liuxie_shipin__liuxie_11,liuxie_shipin__liuxie_11__part01,rebuilt_with_userdict,False,d5f6e7694e3c71786232cbdad09b535ed5af730bd793a447e9476c42baa6eeff,ecc40fa2944ae9d45b5889c0d2b056ac41801497d879f89b07cb49b777fb32da,e4843be6cf382a63e5503c618880734ee609930b99248aa336536388e3b7c551,0,0,0,46,46,405,42,passed,passed,passed
liuxie_shipin__liuxie_12,liuxie_shipin__liuxie_12__part01,rebuilt_with_userdict,False,d5f6e7694e3c71786232cbdad09b535ed5af730bd793a447e9476c42baa6eeff,b24423cc3faa5b56b5c628fcf3ee7bfa09c518558ba1658555a30543115fb030,74fe3d79d17e3adba684e23e695e6f31f92471ea3ff8c5a2e110351e1d287435,0,0,0,58,58,437,24,passed,passed,passed
liuxie_shipin__liuxie_13,liuxie_shipin__liuxie_13__part01,rebuilt_with_userdict,False,d5f6e7694e3c71786232cbdad09b535ed5af730bd793a447e9476c42baa6eeff,9233bbd779ec104a5cfc527bb326ff0ea3386dc08cb7aa9719cb36c5e5b04a4e,cf25afdae3b1661c63c6c30f8721b59aa03d5d5c0eb62b41014570e8b4682b9f,0,0,0,49,49,391,22,passed,passed,passed
liuxie_shipin__liuxie_14,liuxie_shipin__liuxie_14__part01,rebuilt_with_userdict,False,d5f6e7694e3c71786232cbdad09b535ed5af730bd793a447e9476c42baa6eeff,559ce580a78cdeea15e9fb02924d0ac03a6f816467c4e88d7fda097b61c089a7,dd929689b1f4d56d506d8feca43c13b415dde347efaae1596e0d50261c603da9,2,2,0,54,54,394,17,passed,passed,passed
liuxie_shipin__liuxie_15,liuxie_shipin__liuxie_15__part01,rebuilt_with_userdict,False,d5f6e7694e3c71786232cbdad09b535ed5af730bd793a447e9476c42baa6eeff,d6b037ab21956a9fc5672affb067e58dcc979c303cda5c6666fe21b490321941,bcf3fd4cd26bcebd00b49d848ca9bb9c0da617380ab90f48d3d17030bfcf07fb,0,0,0,47,46,400,27,passed,passed,passed
liuxie_shipin__liuxie_16,liuxie_shipin__liuxie_16__part01,rebuilt_with_userdict,False,d5f6e7694e3c71786232cbdad09b535ed5af730bd793a447e9476c42baa6eeff,959801721dc2812fc9c55c36ff39423d9f6b547cda8c86cb6461cfb986e2681c,71aca3e330625468a6f97298151916191f29c06f8af1d605a9b54df4dca2129d,0,0,0,88,88,795,38,passed,passed,passed
liuxie_shipin__liuxie_17,liuxie_shipin__liuxie_17__part01,rebuilt_with_userdict,False,d5f6e7694e3c71786232cbdad09b535ed5af730bd793a447e9476c42baa6eeff,bd72dc63757074dd600956d0a7656bd757d21729cfb488ee3b69cd16dd1bb032,43dc8f395ff21ebec8ec0804d35d9a38b3096638903643e068a9beed540bb37e,2,2,0,55,55,517,45,passed,passed,passed
liuxie_shipin__liuxie_18,liuxie_shipin__liuxie_18__part01,rebuilt_with_userdict,False,d5f6e7694e3c71786232cbdad09b535ed5af730bd793a447e9476c42baa6eeff,8c41676915dd040b5ddbacaac72ae37b7e8716d4b658c2e42d3dab7250b5ff47,566b201d5ef920ea77a80c8d5a86cbd8f5b0717998578745e84176426e23d62f,0,0,0,90,90,604,30,passed,passed,passed
liuxie_shipin__liuxie_19,liuxie_shipin__liuxie_19__part01,rebuilt_with_userdict,False,d5f6e7694e3c71786232cbdad09b535ed5af730bd793a447e9476c42baa6eeff,4ae07a5b162450bce435f2df28643c0807d7452765e6dce6c5c2a5e793d43697,1248b311994c376029716fe4464cddff7e6742fe5098bbd91e79d3817fd44bc7,1,1,0,81,80,526,20,passed,passed,passed
liuxie_shipin__liuxie_20,liuxie_shipin__liuxie_20__part01,rebuilt_with_userdict,False,d5f6e7694e3c71786232cbdad09b535ed5af730bd793a447e9476c42baa6eeff,f54a8a841c7c6d1a47a3d27f70eda329f02d445911590c274f8b38a659877f42,6847f270eac5abee57515cec6d901eec5d9d5a6b65ba33770560b91ea9509148,2,2,0,40,40,431,48,passed,passed,passed
liuxie_shipin__liuxie_21,liuxie_shipin__liuxie_21__part01,rebuilt_with_userdict,False,d5f6e7694e3c71786232cbdad09b535ed5af730bd793a447e9476c42baa6eeff,e6aa01156aefedd390672c6d655396a30b869f849ade0536f0549958aa71c9e0,5deb5f4e8c84e8e1c792702381243c3c0b9692e17c958befafb4b9b31acf1034,1,1,0,36,36,372,32,passed,passed,passed
liuxie_shipin__liuxie_22,liuxie_shipin__liuxie_22__part01,rebuilt_with_userdict,False,d5f6e7694e3c71786232cbdad09b535ed5af730bd793a447e9476c42baa6eeff,55e611062f422a3d3beb57f82a9afdb6ea42431dae192a74c19b886ebb7a76dd,9aedc87825585b89224a66f41788d1fc15af2331f3a28aa61408eeb22d235068,1,1,0,60,60,433,20,passed,passed,passed
liuxie_shipin__liuxie_23,liuxie_shipin__liuxie_23__part01,rebuilt_with_userdict,False,d5f6e7694e3c71786232cbdad09b535ed5af730bd793a447e9476c42baa6eeff,74ad43fb1fdd5f51b40ff8dfd1f8cd14aee636c5ed1de6dfae74ec5510bdfe55,46b794c52755db766283063483e2b57650c1117235325dab9d92c6ab301e15db,2,2,0,67,67,480,27,passed,passed,passed
liuxie_shipin__liuxie_24,liuxie_shipin__liuxie_24__part01,rebuilt_with_userdict,False,d5f6e7694e3c71786232cbdad09b535ed5af730bd793a447e9476c42baa6eeff,835f23da473d534e7b438a1ab6436ae5e450764d99bd4d2d270c33e14da41dd6,479f32a12d028d16973194a1563566c4a197ef32f6029ecf9c689a62bc8680b5,1,1,0,60,60,573,26,passed,passed,passed
liuxie_shipin__liuxie_25,liuxie_shipin__liuxie_25__part01,rebuilt_with_userdict,False,d5f6e7694e3c71786232cbdad09b535ed5af730bd793a447e9476c42baa6eeff,e47c4d146cb566af05a6e65d79d5ee4039ae839079d7742332f58239a5a60f2f,a1f353e9dc023bd0b88fe11952ae545efab3d961f19b4be1fddbe625672e253d,3,3,0,114,113,869,37,passed,passed,passed
liuxie_shipin__liuxie_26,liuxie_shipin__liuxie_26__part01,rebuilt_with_userdict,False,d5f6e7694e3c71786232cbdad09b535ed5af730bd793a447e9476c42baa6eeff,56bda1e78509b2d06f7952fb8d86ddd1c909a0f137bb51a83568cb0fba2e290b,21bff18b986de9bf05f3728123f378297b1ae9b9324bd1d09fec35853bc3d653,3,3,0,38,38,387,37,passed,passed,passed
liuxie_shipin__liuxie_27,liuxie_shipin__liuxie_27__part01,rebuilt_with_userdict,False,d5f6e7694e3c71786232cbdad09b535ed5af730bd793a447e9476c42baa6eeff,261d2fc674f6e7e07657c575b99aa17dc059351d12e60046ef34b83334465a5b,a92cdf9db4c8179f8d211f9932578d96606e769d9d28df1d5e1b3b9fb8cb5779,6,6,0,40,40,332,30,passed,passed,passed
liuxie_shipin__liuxie_28,liuxie_shipin__liuxie_28__part01,rebuilt_with_userdict,False,d5f6e7694e3c71786232cbdad09b535ed5af730bd793a447e9476c42baa6eeff,1d240be709580811192b32f19ad6fd33e7e98a1494f559cdd174b9d1c2bf94ad,26c9a3aff2986c6a4671c6377aee02f426f1737cc18b1725858cda67672186cc,15,15,0,37,37,347,21,passed,passed,passed
liuxie_shipin__liuxie_29,liuxie_shipin__liuxie_29__part01,rebuilt_with_userdict,False,d5f6e7694e3c71786232cbdad09b535ed5af730bd793a447e9476c42baa6eeff,5e2cebb981013adee0f0142dc8146ef9814a2ae6c3ae38a9dc27f17a9e5f8214,36df30bafb9c9fe102dafca6e2f658d8cf1c7c7fb29a5270d2f02cf69417d670,3,3,0,50,45,361,42,passed,passed,passed
liuxie_shipin__liuxie_30,liuxie_shipin__liuxie_30__part01,rebuilt_with_userdict,False,d5f6e7694e3c71786232cbdad09b535ed5af730bd793a447e9476c42baa6eeff,26fc33cb3579b4f6800a697f638b307c2698eb4599d0a5b4804811008f0e4295,6a4241bb387e161874d64811e0539dae5a54a7cec0ed206482a9bf7667d78abb,1,1,0,47,47,420,25,passed,passed,passed
liuxie_shipin__liuxie_31,liuxie_shipin__liuxie_31__part01,rebuilt_with_userdict,False,d5f6e7694e3c71786232cbdad09b535ed5af730bd793a447e9476c42baa6eeff,181718317f625f2c2a32400a4b26f011794a9d13d41de3a69e7dcc9620a05c8c,800c6d722dc1e6be97ba1b7dd2b2d8b67a7bfc33f26337a52156773724748e9d,0,0,0,43,43,384,31,passed,passed,passed
liuxie_shipin__liuxie_32,liuxie_shipin__liuxie_32__part01,rebuilt_with_userdict,False,d5f6e7694e3c71786232cbdad09b535ed5af730bd793a447e9476c42baa6eeff,02418275f414de323b485b25f0789c4f97a573cc44877478d4c04993ba8f47d5,b20785af8e4397a943192adc075b321abd2f2baad4b60d20615f1fd324aa6887,0,0,0,42,42,315,20,passed,passed,passed
liuxie_shipin__liuxie_33,liuxie_shipin__liuxie_33__part01,rebuilt_with_userdict,False,d5f6e7694e3c71786232cbdad09b535ed5af730bd793a447e9476c42baa6eeff,5d714e3290aea1e69a94ba222c86dee2b7e50107535ff14b5cd524aa0e23cd7f,e036b826ae4d09f89a49591c551caa70953734c766f07872db2317cbb5afeee7,3,3,0,40,40,365,35,passed,passed,passed
liuxie_shipin__liuxie_34,liuxie_shipin__liuxie_34__part01,rebuilt_with_userdict,False,d5f6e7694e3c71786232cbdad09b535ed5af730bd793a447e9476c42baa6eeff,fd129bb41b92a1838e901c9f63b8ee474380e67ca848044e89064accb55ab66c,b0d08b07dd5fcb1dc113b6bb47498485f3a0214cbd9d0d686c7f946e13cc6cda,1,1,0,51,51,401,21,passed,passed,passed
liuxie_shipin__liuxie_35,liuxie_shipin__liuxie_35__part01,rebuilt_with_userdict,False,d5f6e7694e3c71786232cbdad09b535ed5af730bd793a447e9476c42baa6eeff,97598ace555cb3e161539403b9d924b58c8c8b8abc59c7d2a157f97c7ca2343f,dfcc9f5af302431350d8bf71350dd911d6eca66cc59052d4f2ee454aeeb831d7,1,1,0,49,49,321,18,passed,passed,passed
liuxie_shipin__liuxie_36,liuxie_shipin__liuxie_36__part01,rebuilt_with_userdict,False,d5f6e7694e3c71786232cbdad09b535ed5af730bd793a447e9476c42baa6eeff,9122fdf37c8dc09df8d7690cadab9e3b37717da594a3918350233ebc9ab14330,21bda87277ef9793719a5762709788204742ff5dce6c4f025c5c481d00ad22c1,0,0,0,44,44,320,29,passed,passed,passed
liuxie_shipin__liuxie_37,liuxie_shipin__liuxie_37__part01,rebuilt_with_userdict,False,d5f6e7694e3c71786232cbdad09b535ed5af730bd793a447e9476c42baa6eeff,45148bef56aadfc57516dbaba4473b94e6a9f76b2c898bbed9322459ede3ec5d,f807b88089c6863052cd1f8386de23bab9b367867b71f5c7a9858ebfb2c8769f,3,3,0,35,35,329,32,passed,passed,passed
liuxie_shipin__liuxie_38,liuxie_shipin__liuxie_38__part01,rebuilt_with_userdict,False,d5f6e7694e3c71786232cbdad09b535ed5af730bd793a447e9476c42baa6eeff,1735a1aa5e1030661f70aee8b149cc548082179a3c0511df6482ac01f2804cbf,ec9033bf78179fb2e8d1728a84a58ab8302a87c4164b984a3f0694022044b162,0,0,0,55,52,483,31,passed,passed,passed
liuxie_shipin__liuxie_39,liuxie_shipin__liuxie_39__part01,rebuilt_with_userdict,False,d5f6e7694e3c71786232cbdad09b535ed5af730bd793a447e9476c42baa6eeff,567fcdceb5c38a59f2d75c0bcbaa2733d0e6653848b3b48bad53b92435bfcc10,c56da943e5e4123d8d890e07f042b480c206f2020d97b07575df1de059ed754a,0,0,0,51,51,502,29,passed,passed,passed
liuxie_shipin__liuxie_40,liuxie_shipin__liuxie_40__part01,rebuilt_with_userdict,False,d5f6e7694e3c71786232cbdad09b535ed5af730bd793a447e9476c42baa6eeff,cd5120ab3a3ec2a852c3033355daed5ec006373351d9a4fccbb84168b99cb2a0,ad4f989e619b06860ffc64e203a3ca5fcdbaace56b6e9fd92d93d6757ea2ba12,1,1,0,45,45,413,28,passed,passed,passed
liuxie_shipin__liuxie_41,liuxie_shipin__liuxie_41__part01,rebuilt_with_userdict,False,d5f6e7694e3c71786232cbdad09b535ed5af730bd793a447e9476c42baa6eeff,64eaf54c13dbd0f82c3e8965ee4166e2454a010864eb606996b110afd1421665,f10c53357a747990030fbb2b5699c4378e65cd5919955c868ec5ae42e41e9ff1,0,0,0,41,41,406,22,passed,passed,passed
liuxie_shipin__liuxie_42,liuxie_shipin__liuxie_42__part01,rebuilt_with_userdict,False,d5f6e7694e3c71786232cbdad09b535ed5af730bd793a447e9476c42baa6eeff,c0f07a4552208855eae3301bf8f270bd2058eb74737f036e02cbf8eed897d5dc,15da9369413968729a640cc4d627c977ef1a226f93fdb5943349d2b694a04d22,9,9,0,28,28,307,54,passed,passed,passed
liuxie_shipin__liuxie_43,liuxie_shipin__liuxie_43__part01,rebuilt_with_userdict,False,d5f6e7694e3c71786232cbdad09b535ed5af730bd793a447e9476c42baa6eeff,9e8621b36ddb33043962deccb203a0edf132f67022a8de35df7f94b691e31612,c8dbaf392924cda374fde73cd0d5fa1968cc9cb903020e0e5cdee4cc2faddc9c,1,1,0,33,33,349,27,passed,passed,passed
liuxie_shipin__liuxie_44,liuxie_shipin__liuxie_44__part01,rebuilt_with_userdict,False,d5f6e7694e3c71786232cbdad09b535ed5af730bd793a447e9476c42baa6eeff,261cb9fc6f67bddfa78ddd12356583fe757fb4fb4750fada5c0cde368916fcc7,3e3d3ec1a738d7aa0ae1d55b513b1c26fd638c672e9aa851a1ec363987220d31,1,1,0,42,42,357,28,passed,passed,passed
liuxie_shipin__liuxie_45,liuxie_shipin__liuxie_45__part01,rebuilt_with_userdict,False,d5f6e7694e3c71786232cbdad09b535ed5af730bd793a447e9476c42baa6eeff,8801280db88b248c18ffdd0738db02e282296eaf552eed66f3f7a13752e70f26,74efdcac72c07d38377fe1e5ad41d77eb7d3d0b4b688524992a90703468cc249,2,2,0,61,61,870,73,passed,passed,passed
liuxie_shipin__liuxie_46,liuxie_shipin__liuxie_46__part01,rebuilt_with_userdict,False,d5f6e7694e3c71786232cbdad09b535ed5af730bd793a447e9476c42baa6eeff,cc414998a8a08fffb36de9fb8aeba6ad9bb4e9b420d7717a16e1de3e94fdf72a,55a2f20859b7380543e4ada2e8ce1ac346091c75dae229a5dbe1d7a90b8845b3,4,4,0,45,45,377,28,passed,passed,passed
liuxie_shipin__liuxie_47,liuxie_shipin__liuxie_47__part01,rebuilt_with_userdict,False,d5f6e7694e3c71786232cbdad09b535ed5af730bd793a447e9476c42baa6eeff,c9d186aba4ffb2f87b7afe9a183b15f10c0d4f834586200d58165a98a9d68b90,605b7eeeb6c829e3c59e2d22a8b6e5ec5cdf7ba3638bfeebc09a7a36a40716aa,3,3,0,87,87,832,39,passed,passed,passed
liuxie_shipin__liuxie_48,liuxie_shipin__liuxie_48__part01,rebuilt_with_userdict,False,d5f6e7694e3c71786232cbdad09b535ed5af730bd793a447e9476c42baa6eeff,9e89142fd39f25a4918ce751b3c2bc7d23f2b0b60f24930830fbd4297d342849,f294434fa070480b5437b5790d67aaf3c6b80a8b8a75066b82607f488c43bb90,0,0,0,40,40,425,28,passed,passed,passed
liuxie_shipin__liuxie_49,liuxie_shipin__liuxie_49__part01,rebuilt_with_userdict,False,d5f6e7694e3c71786232cbdad09b535ed5af730bd793a447e9476c42baa6eeff,fae60e64d415c9ecc8026cb3cb117bf3a43239b811c080ea141da8322e007486,45046bf0f38275b0f653319b3840f7db4c622364ef68dc6a8b547b8b23583c99,0,0,0,26,26,381,78,passed,passed,passed
liuxie_shipin__liuxie_50,liuxie_shipin__liuxie_50__part01,rebuilt_with_userdict,False,d5f6e7694e3c71786232cbdad09b535ed5af730bd793a447e9476c42baa6eeff,2464166083d4a7f1e199ee5dcfd26bf52977ae1243bc9f012f107268afdea52b,97570b85407cac20bf08533562c38d0413749da9f35a8545ec7751fa6661c774,1,1,0,33,33,493,48,passed,passed,passed
liuxie_shipin__shipin_01,liuxie_shipin__shipin_01__part01,rebuilt_with_userdict,False,d5f6e7694e3c71786232cbdad09b535ed5af730bd793a447e9476c42baa6eeff,db1f3696f6d5d8f866606d687c08d5997777a1718a957f2f33405a6e881d071d,a2f6fee085cd42dc0777caa89e6b626c1e6041b689ec2d2653d5de64d0450d98,3,3,0,130,128,1048,53,passed,passed,passed
liuxie_shipin__shipin_02,liuxie_shipin__shipin_02__part01,rebuilt_with_userdict,False,d5f6e7694e3c71786232cbdad09b535ed5af730bd793a447e9476c42baa6eeff,726338d1899e3e1dc3ec8747f285e52c4b5ede88108b297ae9da78f7e1c5bfd2,108706ec6372734278fe73e693de26cdb9ae9b6d2fe79ac7b45431c27a1f7b83,4,4,0,69,67,458,20,passed,passed,passed
liuxie_shipin__shipin_03,liuxie_shipin__shipin_03__part01,rebuilt_with_userdict,False,d5f6e7694e3c71786232cbdad09b535ed5af730bd793a447e9476c42baa6eeff,3f6d400626518db7521c66272eb0c42fa659fd5d53c9fc5d7ed985e5949c4e54,615415a04b7151e09e3ef6a76837655b8da62bbb965900bdfd4eda36a9e25d34,3,3,0,107,104,762,24,passed,passed,passed
liuxie_shipin__shipin_04,liuxie_shipin__shipin_04__part01,rebuilt_with_userdict,False,d5f6e7694e3c71786232cbdad09b535ed5af730bd793a447e9476c42baa6eeff,5196dda4249aae815ca5f119fc6cae60c38627c96478f94057980c29ea2cef9e,2296f169f2198ae794fdbdfc7400b1b9dd00a026424aa2ce1ae1d1523f544073,2,2,0,91,86,612,19,passed,passed,passed
