record_id,unit_id,title,author,orig_char,orig_offset_in_record,simp_offset_in_unit,counted,status,orig_sentence
weijin__caopi_lunwen,weijin__caopi_lunwen__part01,典論·論文,曹丕,氣,241,241,True,retained_target,王粲長於辭賦，徐幹時有齊氣，然粲之匹也。
weijin__caopi_lunwen,weijin__caopi_lunwen__part01,典論·論文,曹丕,氣,327,327,True,retained_target,孔融體氣高妙，有過人者；
weijin__caopi_lunwen,weijin__caopi_lunwen__part01,典論·論文,曹丕,氣,446,446,True,retained_target,文以氣為主；
weijin__caopi_lunwen,weijin__caopi_lunwen__part01,典論·論文,曹丕,氣,450,450,True,retained_target,氣之清濁有體，不可力強而致。
weijin__caopi_lunwen,weijin__caopi_lunwen__part01,典論·論文,曹丕,氣,482,482,True,retained_target,至於引氣不齊，巧拙有素，雖在父兄，不能以移子弟。
weijin__caopi_wuzhi,weijin__caopi_wuzhi__part01,與吳質書（二月三日）,曹丕,氣,363,363,True,retained_target,公幹有逸氣，但未遒耳，至其五言詩，妙絕當時。
weijin__gehong_辭義,weijin__gehong_辭義__part01,抱朴子外篇·辭義,葛洪,氣,44,44,True,retained_target,茝蕙芬馥，非容氣所假。
southnorth__shenyue_xielingyunlun,southnorth__shenyue_xielingyunlun__part01,宋書·謝靈運傳論,沈約,氣,67,67,True,retained_target,雖虞夏以前，遺文不覩，稟氣懷靈，理無或異。
southnorth__shenyue_xielingyunlun,southnorth__shenyue_xielingyunlun__part01,宋書·謝靈運傳論,沈約,氣,187,187,True,retained_target,雖清辭麗曲，時發乎篇，而蕪音累氣，固亦多矣。
southnorth__shenyue_xielingyunlun,southnorth__shenyue_xielingyunlun__part01,宋書·謝靈運傳論,沈約,氣,292,292,True,retained_target,相如巧為形似之言，班固長於情理之說，子建、仲宣以氣質為體，並標能擅美，獨映當時。
southnorth__shenyue_xielingyunlun,southnorth__shenyue_xielingyunlun__part01,宋書·謝靈運傳論,沈約,氣,502,502,True,retained_target,仲文始革孫、許之風，叔源大變太元之氣。
southnorth__xiaozixian_wenxue,southnorth__xiaozixian_wenxue__part01,南齊書·文學傳論及贊,蕭子顯,氣,33,33,True,retained_target,蘊思含毫，遊心內運，放言落紙，氣韻天成。
southnorth__xiaozixian_wenxue,southnorth__xiaozixian_wenxue__part01,南齊書·文學傳論及贊,蕭子顯,氣,501,501,True,retained_target,江左風味，盛道家之言，郭璞舉其靈變，許詢極其名理，仲文玄氣，猶不盡除，謝混情新，得名未盛。
southnorth__jiangyan_zati,southnorth__jiangyan_zati__part01,雜體詩序,江淹,氣,64,64,True,retained_target,故蛾眉詎同貌，而俱動於魄，芳草寧其氣，而皆悅於魂，不其然與？
liuxie_shipin__liuxie_02,liuxie_shipin__liuxie_02__part01,文心雕龍·徵聖,劉勰,氣,613,613,True,retained_target,精理為文，秀氣成采。
liuxie_shipin__liuxie_05,liuxie_shipin__liuxie_05__part01,文心雕龍·辨騷,劉勰,氣,742,742,True,retained_target,故能氣往轢古，辭來切今，驚采絕豔，難與並能矣。
liuxie_shipin__liuxie_06,liuxie_shipin__liuxie_06__part01,文心雕龍·明詩,劉勰,氣,584,584,True,retained_target,並憐風月，狎池苑，述恩榮，敘酣宴，慷慨以任氣，磊落以使才；
liuxie_shipin__liuxie_07,liuxie_shipin__liuxie_07__part01,文心雕龍·樂府,劉勰,氣,132,132,True,retained_target,匹夫庶婦，謳吟土風，詩官採言，樂盲被律，志感絲篁，氣變金石。
liuxie_shipin__liuxie_07,liuxie_shipin__liuxie_07__part01,文心雕龍·樂府,劉勰,氣,310,310,True,retained_target,暨武帝崇禮，始立樂府，總趙代之音，撮齊楚之氣，延年以曼聲協律，朱馬以騷體製歌，《桂華》雜曲，麗而不經，《赤雁》群篇，靡而非典，河間薦雅而罕御，故汲黯致譏於天馬也。
liuxie_shipin__liuxie_07,liuxie_shipin__liuxie_07__part01,文心雕龍·樂府,劉勰,氣,432,432,True,retained_target,至於魏之三祖，氣爽才麗，宰割辭調，音靡節平。
liuxie_shipin__liuxie_10,liuxie_shipin__liuxie_10__part01,文心雕龍·祝盟,劉勰,氣,777,777,True,retained_target,若夫臧洪歃辭，氣截雲蜺；
liuxie_shipin__liuxie_14,liuxie_shipin__liuxie_14__part01,文心雕龍·雜文,劉勰,氣,18,18,True,retained_target,智術之子，博雅之人，藻溢於辭，辭盈乎氣。
liuxie_shipin__liuxie_14,liuxie_shipin__liuxie_14__part01,文心雕龍·雜文,劉勰,氣,58,58,True,retained_target,宋玉含才，頗亦負俗，始造對問，以申其志，放懷寥廓，氣實使文。
liuxie_shipin__liuxie_17,liuxie_shipin__liuxie_17__part01,文心雕龍·諸子,劉勰,氣,736,736,True,retained_target,列御寇之書，氣偉而采奇；
liuxie_shipin__liuxie_17,liuxie_shipin__liuxie_17__part01,文心雕龍·諸子,劉勰,氣,860,860,True,retained_target,呂氏鑒遠而體周，淮南汎採而文麗，斯則得百氏之華采，而辭氣文之大略也。
liuxie_shipin__liuxie_19,liuxie_shipin__liuxie_19__part01,文心雕龍·詔策,劉勰,氣,708,708,True,retained_target,優文封策，則氣含風雨之潤；
liuxie_shipin__liuxie_20,liuxie_shipin__liuxie_20__part01,文心雕龍·檄移,劉勰,氣,343,343,True,retained_target,故分閫推轂，奉辭伐罪，非唯致果為毅，亦且厲辭為武，使聲如衝風所擊，氣似欃槍所掃，奮其武怒，總其罪人，懲其惡稔之時，顯其貫盈之數，搖奸宄之膽，訂信慎之心，使百尺之衝，摧折於咫書，萬雉之城，顛墜於一檄者也。
liuxie_shipin__liuxie_20,liuxie_shipin__liuxie_20__part01,文心雕龍·檄移,劉勰,氣,661,661,True,retained_target,故其植義颺辭，務在剛健，插羽以示迅，不可使辭緩，露板以宣眾，不可使義隱，必事昭而理辨，氣盛而辭斷，此其要也。
liuxie_shipin__liuxie_21,liuxie_shipin__liuxie_21__part01,文心雕龍·封禪,劉勰,氣,258,258,True,retained_target,秦皇銘岱，文自李斯，法家辭氣，體乏弘潤。
liuxie_shipin__liuxie_22,liuxie_shipin__liuxie_22__part01,文心雕龍·章表,劉勰,氣,507,507,True,retained_target,至於文舉之薦禰衡，氣揚采飛；
liuxie_shipin__liuxie_23,liuxie_shipin__liuxie_23__part01,文心雕龍·奏啟,劉勰,氣,422,422,True,retained_target,故位在鷙擊，砥礪其氣，必使筆端振風，簡上凝霜者也。
liuxie_shipin__liuxie_23,liuxie_shipin__liuxie_23__part01,文心雕龍·奏啟,劉勰,氣,734,734,True,retained_target,必使理有典刑，辭有風軌，總法家之式，秉儒家之文，不畏彊禦，氣流墨中，無縱詭隨，聲動簡外，乃稱絕席之雄，直方之舉耳。
liuxie_shipin__liuxie_24,liuxie_shipin__liuxie_24__part01,文心雕龍·議對,劉勰,氣,905,905,True,retained_target,及後漢魯丕，辭氣質素，以儒雅中策，獨入高第。
liuxie_shipin__liuxie_25,liuxie_shipin__liuxie_25__part01,文心雕龍·書記,劉勰,氣,197,197,True,retained_target,漢來筆札，辭氣紛紜。
liuxie_shipin__liuxie_25,liuxie_shipin__liuxie_25__part01,文心雕龍·書記,劉勰,氣,232,232,True,retained_target,觀史遷之報任安，東方朔之難公孫，楊惲之酬會宗，子雲之答劉歆，志氣槃桓，各含殊采；
liuxie_shipin__liuxie_25,liuxie_shipin__liuxie_25__part01,文心雕龍·書記,劉勰,氣,388,388,True,retained_target,詳總書體，本在盡言，言以散鬱陶，託風采，故宜滌暢以任氣，優柔以懌懷。
liuxie_shipin__liuxie_26,liuxie_shipin__liuxie_26__part01,文心雕龍·神思,劉勰,氣,106,106,True,retained_target,神居胸臆，而志氣統其關鍵；
liuxie_shipin__liuxie_26,liuxie_shipin__liuxie_26__part01,文心雕龍·神思,劉勰,氣,293,293,True,retained_target,方其搦翰，氣倍辭前，暨乎篇成，半折心始，何則，意翻空而易奇，言徵實而難巧也。
liuxie_shipin__liuxie_26,liuxie_shipin__liuxie_26__part01,文心雕龍·神思,劉勰,氣,441,441,True,retained_target,人之稟才，遲速異分，文之制體，大小殊功，相如含筆而腐毫，揚雄輟翰而驚夢，桓譚疾感於苦思，王充氣竭於思慮，張衡研京以十年，左思練都以一紀，雖有巨文，亦思之緩也。
liuxie_shipin__liuxie_27,liuxie_shipin__liuxie_27__part01,文心雕龍·體性,劉勰,氣,34,34,True,retained_target,然才有庸俊，氣有剛柔，學有淺深，習有雅鄭，並情性所鑠，陶染所凝，是以筆區雲譎，文苑波詭者矣。
liuxie_shipin__liuxie_27,liuxie_shipin__liuxie_27__part01,文心雕龍·體性,劉勰,氣,97,97,True,retained_target,風趣剛柔，寧或改其氣；
liuxie_shipin__liuxie_27,liuxie_shipin__liuxie_27__part01,文心雕龍·體性,劉勰,氣,367,367,True,retained_target,若夫八體屢遷，功以學成，才力居中，肇自血氣；
liuxie_shipin__liuxie_27,liuxie_shipin__liuxie_27__part01,文心雕龍·體性,劉勰,氣,369,369,True,retained_target,氣以實志，志以定言，吐納英華，莫非情性。
liuxie_shipin__liuxie_27,liuxie_shipin__liuxie_27__part01,文心雕龍·體性,劉勰,氣,477,477,True,retained_target,公幹氣褊，故言壯而情駭；
liuxie_shipin__liuxie_27,liuxie_shipin__liuxie_27__part01,文心雕龍·體性,劉勰,氣,554,554,True,retained_target,豈非自然之恆資，才氣之大略哉！
liuxie_shipin__liuxie_28,liuxie_shipin__liuxie_28__part01,文心雕龍·風骨,劉勰,氣,21,21,True,retained_target,《詩》總六義，風冠其首，斯乃化感之本源，志氣之符契也。
liuxie_shipin__liuxie_28,liuxie_shipin__liuxie_28__part01,文心雕龍·風骨,劉勰,氣,70,70,True,retained_target,故辭之待骨，如體之樹骸，情之含風，猶形之包氣。
liuxie_shipin__liuxie_28,liuxie_shipin__liuxie_28__part01,文心雕龍·風骨,劉勰,氣,84,84,True,retained_target,意氣駿爽，則文風清焉。
liuxie_shipin__liuxie_28,liuxie_shipin__liuxie_28__part01,文心雕龍·風骨,劉勰,氣,126,126,True,retained_target,是以綴慮裁篇，務盈守氣，剛健既實，輝光乃新，其為文用，譬征鳥之使翼也。
liuxie_shipin__liuxie_28,liuxie_shipin__liuxie_28__part01,文心雕龍·風骨,劉勰,氣,221,221,True,retained_target,思不環周，索莫乏氣，則無風之驗也。
liuxie_shipin__liuxie_28,liuxie_shipin__liuxie_28__part01,文心雕龍·風骨,劉勰,氣,258,258,True,retained_target,相如賦仙，氣號凌雲，蔚為辭宗，迺其風力遒也。
liuxie_shipin__liuxie_28,liuxie_shipin__liuxie_28__part01,文心雕龍·風骨,劉勰,氣,303,303,True,retained_target,故魏文稱文以氣為主，氣之清濁有體，不可力強而致；
liuxie_shipin__liuxie_28,liuxie_shipin__liuxie_28__part01,文心雕龍·風骨,劉勰,氣,307,307,True,retained_target,故魏文稱文以氣為主，氣之清濁有體，不可力強而致；
liuxie_shipin__liuxie_28,liuxie_shipin__liuxie_28__part01,文心雕龍·風骨,劉勰,氣,330,330,True,retained_target,故其論孔融，則云體氣高妙；
liuxie_shipin__liuxie_28,liuxie_shipin__liuxie_28__part01,文心雕龍·風骨,劉勰,氣,343,343,True,retained_target,論徐幹，則云時有齊氣；
liuxie_shipin__liuxie_28,liuxie_shipin__liuxie_28__part01,文心雕龍·風骨,劉勰,氣,353,353,True,retained_target,論劉楨，則云有逸氣。
liuxie_shipin__liuxie_28,liuxie_shipin__liuxie_28__part01,文心雕龍·風骨,劉勰,氣,368,368,True,retained_target,公幹亦云，孔氏卓卓，信含異氣，筆墨之性，殆不可勝，並重氣之旨也。
liuxie_shipin__liuxie_28,liuxie_shipin__liuxie_28__part01,文心雕龍·風骨,劉勰,氣,382,382,True,retained_target,公幹亦云，孔氏卓卓，信含異氣，筆墨之性，殆不可勝，並重氣之旨也。
liuxie_shipin__liuxie_28,liuxie_shipin__liuxie_28__part01,文心雕龍·風骨,劉勰,氣,418,418,True,retained_target,鷹隼乏采而翰飛戾天，骨勁而氣猛也；
liuxie_shipin__liuxie_28,liuxie_shipin__liuxie_28__part01,文心雕龍·風骨,劉勰,氣,673,673,True,retained_target,情與氣偕，辭共體並。
liuxie_shipin__liuxie_29,liuxie_shipin__liuxie_29__part01,文心雕龍·通變,劉勰,氣,42,42,True,retained_target,文辭氣力，通變則久，此無方之數也。
liuxie_shipin__liuxie_29,liuxie_shipin__liuxie_29__part01,文心雕龍·通變,劉勰,氣,332,332,True,retained_target,競今疎古，風昧氣衰也。
liuxie_shipin__liuxie_29,liuxie_shipin__liuxie_29__part01,文心雕龍·通變,劉勰,氣,716,716,True,retained_target,是以規略文統，宜宏大體，先博覽以精閱，總綱紀而攝契，然後拓衢路，置關鍵，長轡遠馭，從容按節，憑情以會通，負氣以適變，采如宛虹之奮鬐，光若長離之振翼，迺穎脫之文矣。
liuxie_shipin__liuxie_30,liuxie_shipin__liuxie_30__part01,文心雕龍·定勢,劉勰,氣,556,556,True,retained_target,公幹所談，頗亦兼氣。
liuxie_shipin__liuxie_33,liuxie_shipin__liuxie_33__part01,文心雕龍·聲律,劉勰,氣,21,21,True,retained_target,聲合宮商，肇自血氣，先王因之以制樂歌。
liuxie_shipin__liuxie_33,liuxie_shipin__liuxie_33__part01,文心雕龍·聲律,劉勰,氣,382,382,True,retained_target,氣力窮於和韻。
liuxie_shipin__liuxie_33,liuxie_shipin__liuxie_33__part01,文心雕龍·聲律,劉勰,氣,406,406,True,retained_target,韻氣一定，故餘聲易遣；
liuxie_shipin__liuxie_34,liuxie_shipin__liuxie_34__part01,文心雕龍·章句,劉勰,氣,548,548,True,retained_target,若乃改韻從調，所以節文辭氣，賈誼枚乘，兩韻輒易；
liuxie_shipin__liuxie_35,liuxie_shipin__liuxie_35__part01,文心雕龍·麗辭,劉勰,氣,654,654,True,retained_target,若氣無奇類，文乏異采，碌碌麗辭，則昏睡耳目。
liuxie_shipin__liuxie_37,liuxie_shipin__liuxie_37__part01,文心雕龍·夸飾,劉勰,氣,424,424,True,retained_target,至如氣貌山海，體勢宮殿，嵯峨揭業，熠燿焜煌之狀，光采煒煒而欲然，聲貌岌岌其將動矣。
liuxie_shipin__liuxie_37,liuxie_shipin__liuxie_37__part01,文心雕龍·夸飾,劉勰,氣,486,486,True,retained_target,於是後進之才，獎氣挾聲，軒翥而欲奮飛，騰擲而羞跼步，辭入煒燁，春藻不能程其豔；
liuxie_shipin__liuxie_37,liuxie_shipin__liuxie_37__part01,文心雕龍·夸飾,劉勰,氣,647,647,True,retained_target,言必鵬運，氣靡鴻漸。
liuxie_shipin__liuxie_40,liuxie_shipin__liuxie_40__part01,文心雕龍·隱秀,劉勰,氣,705,705,True,retained_target,「凉飈動秋草，邊馬有歸心」，氣寒而事傷，此覉旅之怨曲也。
liuxie_shipin__liuxie_42,liuxie_shipin__liuxie_42__part01,文心雕龍·養氣,劉勰,氣,8,8,True,retained_target,昔王充著述，制養氣之篇，驗己而作，豈虛造哉！
liuxie_shipin__liuxie_42,liuxie_shipin__liuxie_42__part01,文心雕龍·養氣,劉勰,氣,64,64,True,retained_target,鑽礪過分，則神疲而氣衰；
liuxie_shipin__liuxie_42,liuxie_shipin__liuxie_42__part01,文心雕龍·養氣,劉勰,氣,211,211,True,retained_target,凡童少鑒淺而志盛，長艾識堅而氣衰，志盛者思銳以勝勞，氣衰者慮密以傷神，斯實中人之常資，歲時之大較也。
liuxie_shipin__liuxie_42,liuxie_shipin__liuxie_42__part01,文心雕龍·養氣,劉勰,氣,223,223,True,retained_target,凡童少鑒淺而志盛，長艾識堅而氣衰，志盛者思銳以勝勞，氣衰者慮密以傷神，斯實中人之常資，歲時之大較也。
liuxie_shipin__liuxie_42,liuxie_shipin__liuxie_42__part01,文心雕龍·養氣,劉勰,氣,273,273,True,retained_target,若夫器分有限，智用無涯，或慚鳧企鶴，瀝辭鐫思，於是精氣內銷，有似尾閭之波，神志外傷，同乎牛山之木；
liuxie_shipin__liuxie_42,liuxie_shipin__liuxie_42__part01,文心雕龍·養氣,劉勰,氣,423,423,True,retained_target,若銷鑠精膽，蹙迫和氣，秉牘以驅齡，灑翰以伐性，豈聖賢之素心，會文之直理哉！
liuxie_shipin__liuxie_42,liuxie_shipin__liuxie_42__part01,文心雕龍·養氣,劉勰,氣,505,505,True,retained_target,是以吐納文蓺，務在節宣，清和其心，條暢其氣，煩而即捨，勿使壅滯，意得則舒懷以命筆，理伏則投筆以卷懷，逍遙以針勞，談笑以藥勌，常弄閑於才鋒，賈餘於文勇，使刃發如新，湊理無滯，雖非胎息之邁術，斯亦衛氣之一方也。
liuxie_shipin__liuxie_42,liuxie_shipin__liuxie_42__part01,文心雕龍·養氣,劉勰,氣,582,582,True,retained_target,是以吐納文蓺，務在節宣，清和其心，條暢其氣，煩而即捨，勿使壅滯，意得則舒懷以命筆，理伏則投筆以卷懷，逍遙以針勞，談笑以藥勌，常弄閑於才鋒，賈餘於文勇，使刃發如新，湊理無滯，雖非胎息之邁術，斯亦衛氣之一方也。
liuxie_shipin__liuxie_42,liuxie_shipin__liuxie_42__part01,文心雕龍·養氣,劉勰,氣,611,611,True,retained_target,元神宜寶，素氣資養。
liuxie_shipin__liuxie_43,liuxie_shipin__liuxie_43__part01,文心雕龍·附會,劉勰,氣,86,86,True,retained_target,夫才量學文，宜正體製，必以情志為神明，事義為骨髓，辭采為肌膚，宮商為聲氣，然後品藻元黃，摛振金玉，獻可替否，以裁厥中。
liuxie_shipin__liuxie_44,liuxie_shipin__liuxie_44__part01,文心雕龍·總術,劉勰,氣,569,569,True,retained_target,數逢其極，機入其巧，則義味騰躍而生，辭氣叢雜而至，視之則錦繪，聽之則絲簧，味之則甘腴，佩之則芬芳，斷章之功，於斯盛矣。
liuxie_shipin__liuxie_45,liuxie_shipin__liuxie_45__part01,文心雕龍·時序,劉勰,氣,1128,1128,True,retained_target,偉長從宦於青土，公幹徇質於海隅，德璉綜其斐然之思，元瑜展其翩翩之樂，文蔚休伯之儔，于俶德祖之侶，俊雅觴豆之前，雍容袵席之上，灑筆以成酣歌，和墨以藉談笑，觀其時文，雅好慷慨，良由世積亂離，風衰俗怨，並志深而筆長，故梗概而多氣也，至明帝纂戎，制詩度曲，徵篇章之士，置崇文之觀，何劉群才，迭相照耀。
liuxie_shipin__liuxie_45,liuxie_shipin__liuxie_45__part01,文心雕龍·時序,劉勰,氣,1538,1538,True,retained_target,自中朝貴元，江左稱盛，因談餘氣，流成文體。
liuxie_shipin__liuxie_46,liuxie_shipin__liuxie_46__part01,文心雕龍·物色,劉勰,氣,22,22,True,retained_target,蓋陽氣萌而玄駒步，陰律凝而丹鳥羞，微蟲猶或入感，四時之動物深矣。
liuxie_shipin__liuxie_46,liuxie_shipin__liuxie_46__part01,文心雕龍·物色,劉勰,氣,66,66,True,retained_target,若夫珪璋挺其惠心，英華秀其清氣，物色相召，人誰獲安！
liuxie_shipin__liuxie_46,liuxie_shipin__liuxie_46__part01,文心雕龍·物色,劉勰,氣,104,104,True,retained_target,天高氣清，陰沈之志遠；
liuxie_shipin__liuxie_46,liuxie_shipin__liuxie_46__part01,文心雕龍·物色,劉勰,氣,205,205,True,retained_target,寫氣圖貌，既隨物以宛轉；
liuxie_shipin__liuxie_47,liuxie_shipin__liuxie_47__part01,文心雕龍·才略,劉勰,氣,345,345,True,retained_target,枚乘之《七發》，鄒陽之上書，膏潤於筆，氣形於言矣。
liuxie_shipin__liuxie_47,liuxie_shipin__liuxie_47__part01,文心雕龍·才略,劉勰,氣,798,798,True,retained_target,孔融氣盛於為筆，禰衡思銳於為文，有篇美焉。
liuxie_shipin__liuxie_47,liuxie_shipin__liuxie_47__part01,文心雕龍·才略,劉勰,氣,1161,1161,True,retained_target,嵇康師心以遣論，阮籍使氣以命詩，殊聲而合響，異翮而同飛。
liuxie_shipin__liuxie_50,liuxie_shipin__liuxie_50__part01,文心雕龍·序志,劉勰,氣,123,123,True,retained_target,夫有肖貌天地，稟性五才，擬耳目於日月，方聲氣乎風雷，其超出萬物亦已靈矣。
liuxie_shipin__shipin_01,liuxie_shipin__shipin_01__part01,詩品·序,鍾嶸,氣,0,0,True,retained_target,氣之動物，物之感人，故搖盪性情，行諸舞詠。
liuxie_shipin__shipin_01,liuxie_shipin__shipin_01__part01,詩品·序,鍾嶸,氣,443,443,True,retained_target,劉越石仗清剛之氣，贊成厥美。
liuxie_shipin__shipin_01,liuxie_shipin__shipin_01__part01,詩品·序,鍾嶸,氣,873,873,True,retained_target,或負戈外戍，殺氣雄邊；
liuxie_shipin__shipin_02,liuxie_shipin__shipin_02__part01,詩品·卷上,鍾嶸,氣,226,226,True,retained_target,骨氣奇高，詞采華茂，情兼雅怨，體被文質，粲溢今古，卓爾不群。
liuxie_shipin__shipin_02,liuxie_shipin__shipin_02__part01,詩品·卷上,鍾嶸,氣,367,367,True,retained_target,仗氣愛奇，動多振絕。
liuxie_shipin__shipin_02,liuxie_shipin__shipin_02__part01,詩品·卷上,鍾嶸,氣,387,387,True,retained_target,但氣過其文，雕潤恨少。
liuxie_shipin__shipin_02,liuxie_shipin__shipin_02__part01,詩品·卷上,鍾嶸,氣,574,574,True,retained_target,氣少於公幹，文劣於仲宣。
liuxie_shipin__shipin_03,liuxie_shipin__shipin_03__part01,詩品·卷中,鍾嶸,氣,207,207,True,retained_target,雖名高曩代，而疏亮之士，猶恨其兒女情多，風雲氣少。
liuxie_shipin__shipin_03,liuxie_shipin__shipin_03__part01,詩品·卷中,鍾嶸,氣,453,453,True,retained_target,善為淒戾之詞，自有清拔之氣。
liuxie_shipin__shipin_03,liuxie_shipin__shipin_03__part01,詩品·卷中,鍾嶸,氣,671,671,True,retained_target,觀此五子，文雖不多，氣調警拔，吾許其進，則鮑照、江淹未足逮止。
liuxie_shipin__shipin_04,liuxie_shipin__shipin_04__part01,詩品·卷下,鍾嶸,氣,450,450,True,retained_target,希逸詩，氣候清雅，不逮於范、袁。
liuxie_shipin__shipin_04,liuxie_shipin__shipin_04__part01,詩品·卷下,鍾嶸,氣,1233,1233,True,retained_target,嘗語徐太尉云：“我詩有生氣，須人捉著。
