書名,節條ID,原稱謂,候選字串,原段上下文,文本層,來源檔,來源start,來源end,AI指涉建議,人工狀態
樂府指迷,yuefu_zhimi:04:姜詞得失,姜白石,姜白石,姜白石清勁知音，亦未免有生硬處。,author_text,data/raw/yuefu_zhimi_oldid2527931.txt,857,860,依稱謂與上下文，候選指向姜夔；待作者核定,待作者核定
詞源（選定14節）,ciyuan:01:《詞源》,姜白石,姜白石,古之樂章、樂府、樂歌、樂曲，皆出於雅正。粵自隋唐以來，聲詩間為長短句。至唐人則有《尊前花間集》。迄於崇寧，立大晟府，命周美成諸人討論古音審之。古調淪落之後，少得存者，由此八十四調之聲稍傳。即美成諸人後，增演慢曲引近，或移宮換羽，為三犯、四犯之曲。案《月令》為之，其曲遂繁。且美成負一代詞名，所作詞渾厚和雅，善於融化詩句，於音譜又且間未有諧，可見其難矣。作詞多效其體製，失之軟媚，而無所取，此惟美成而然，不能學也。所可傚倣之詞，獨一美成而已。舊有刻本《六十家詞》，可歌可誦者，指不多屈。中間如秦少游、高竹屋、姜白石、史邦遠、吳夢窗，此數家格調不凡，句法挺異，俱能特立清「新之意，刪削靡蔓之詞，自成一家，各名於世。作詞能取諸人之所長，去其所短，精加翫味，像而為之，豈不能與美成輩爭雄長哉。余疏陋謭才，昔在先人侍側，聞楊守齋、毛敏仲、徐南溪諸公商確音律，嘗知緒餘，故平生好為詞章，用工餘四十年，未見其進。今老矣，嗟古音之寥寥，慮雅詞之落落，僭述」《管見》，類列於後，與同志者商確之。,author_text,data/selected/ciyuan.txt,272,275,依稱謂與上下文，候選指向姜夔；待作者核定,待作者核定
詞源（選定14節）,ciyuan:02:《製曲》,姜白石,姜白石,作慢詞，看是甚題目，先擇曲名，然後命意。命意既了，思其頭如何起，尾如何結，方後選韻，而後述曲。最是過變，不要斷了曲意，須要承上接下。如姜白石詞云​「曲曲屏山，夜涼獨自甚情緒。」於過變則云：「西窗又吟暗雨」，此則曲之意不斷矣。詞既成，恐前後不相應，或有重疊句意，又恐字面粗疏，即為修改。改畢，淨一本，「展之几案，或貼之於壁。少頃再觀，必有未穩處。如此改之又改，方成無瑕之玉。」急於脫槁，倦事修擇，豈能無病？不惟不能全美，抑且未歇音聲。作詩猶且旬鍛日鍊，況其詞乎。,author_text,data/selected/ciyuan.txt,545,548,依稱謂與上下文，候選指向姜夔；待作者核定,待作者核定
詞源（選定14節）,ciyuan:03:《句法》,姜白石,姜白石,詞中句法，須要平妥精粹。一曲之中，安能句句高妙，只要相答襯副得去，於好發揮筆力處，極要用工，不可輕放過，讀之使人擊節可也。如東坡詞云：「似花還似非花，也無人惜從教墜。」又云：「春色三分，二分塵土，一分流水。」如美成《風流子》云：「鳳幄繡幃深幾許，聽得理絲簧。」如史邦卿《春雨》云：「臨斷岸、新綠生時，是落紅」帶愁流處。如吳夢窗《登靈巖》云：「連呼酒上琴臺去，秋與雲平。閏重九云簾半捲，帶黃花，人在小樓。」姜白石《揚州慢》云：「二十四橋仍在，波心蕩冷月無聲。」此皆平易中有句法。,author_text,data/selected/ciyuan.txt,934,937,依稱謂與上下文，候選指向姜夔；待作者核定,待作者核定
詞源（選定14節）,ciyuan:06:《清空》,姜白石,姜白石,詞要清空，不要質實。清空則古雅峭拔，質實則凝澀晦昧。姜白石如野雲孤飛，去留無跡。吳夢窗如七寶樓臺，眩人眼目，拆碎下來，不成片段。此清空質實之說。又如《聲聲慢》云：「檀欒金碧，婀娜蓬萊，浮雲不蘸芳洲。」前八字恐亦大澀。如《唐多令》云：「何處合成愁。離人心上秋。縱芭蕉不雨也颼颼。都道晚風涼，天氣好，明月怕登樓。把前事，夢中休。花開煙水流。燕辭歸。尚淹留。垂柳不縈裙帶住，謾長是，繫行舟。」此詞疏快不質實如是，集中者尚有，惜不多見。白石如《疏影》《暗香》《揚州慢》《一萼紅》《琵琶仙》《探春》《春歸》《淡黃柳》等曲，不惟清虛，且又騷雅，讀之使人神觀飛越。,author_text,data/selected/ciyuan.txt,1256,1259,依稱謂與上下文，候選指向姜夔；待作者核定,待作者核定
詞源（選定14節）,ciyuan:06:《清空》,白石,白石,詞要清空，不要質實。清空則古雅峭拔，質實則凝澀晦昧。姜白石如野雲孤飛，去留無跡。吳夢窗如七寶樓臺，眩人眼目，拆碎下來，不成片段。此清空質實之說。又如《聲聲慢》云：「檀欒金碧，婀娜蓬萊，浮雲不蘸芳洲。」前八字恐亦大澀。如《唐多令》云：「何處合成愁。離人心上秋。縱芭蕉不雨也颼颼。都道晚風涼，天氣好，明月怕登樓。把前事，夢中休。花開煙水流。燕辭歸。尚淹留。垂柳不縈裙帶住，謾長是，繫行舟。」此詞疏快不質實如是，集中者尚有，惜不多見。白石如《疏影》《暗香》《揚州慢》《一萼紅》《琵琶仙》《探春》《春歸》《淡黃柳》等曲，不惟清虛，且又騷雅，讀之使人神觀飛越。,author_text,data/selected/ciyuan.txt,1451,1453,依稱謂與上下文，候選指向姜夔；待作者核定,待作者核定
詞源（選定14節）,ciyuan:07:《意趣》,姜白石,姜白石,詞，以意為主，要不蹈襲前人語。如東坡《中秋水調歌》云：「明月幾時有，把酒問青天」夏夜《洞仙歌》云：「冰肌玉骨，自清涼無汗。」王荊公《金陵桂枝香》云：「登臨送目。正故國晚秋，天氣初肅。千里澄江如練，翠峰如簇。征帆去棹斜陽裡，背西風、酒旗斜矗。綵舟雲淡，星河鷺起，畫圖難足。嘆往昔、豪華競逐。悵門外樓頭，悲恨相續。千古憑高，對此慢嗟榮辱。六朝舊事隨流水，但寒煙衰草凝綠。」至今商女，時時尚歌《後庭》遺曲。姜白石賦梅云：「舊時月色，是幾番照我，梅邊吹笛。」《疏影》云：「苔枝綴玉。有翠禽小小，枝上同宿。」此數詞皆清空中有意趣，無筆力者未易到。,author_text,data/selected/ciyuan.txt,1732,1735,依稱謂與上下文，候選指向姜夔；待作者核定,待作者核定
詞源（選定14節）,ciyuan:08:《用事》,"白
石",白石,詞中用事最難，要緊著題，融化不澀。如東坡《永遇樂》云：「燕子樓空，佳人何在，空鎖樓中燕。」用張建封事。《白石疏影》云：「猶記深宮舊事，那人正睡裡，飛近娥綠。」用壽陽事。又云：「昭君不慣龍沙遠，但暗惜江南江北。想環珮月下歸來，化作此花幽獨。」用少陵詩。此皆用事，不為所使。,author_text,data/selected/ciyuan.txt,1867,1870,依稱謂與上下文，候選指向姜夔；待作者核定,待作者核定
詞源（選定14節）,ciyuan:09:《詠物》,白石,白石,詩難於詠物，詞為尤難。體認稍真，則拘而不暢，摹寫差遠，則晦而不明。須要收縱聯密，用事合題一段意思全在結尾，斯為絕妙。如史邦卿《東風第一枝詠春雪》云：「巧剪蘭心，偷粘草甲。」《春雨》云：「做冷欺花，將煙困柳，千里偷催春暮。盡日冥迷，愁裡欲飛還住。驚粉重、蝶宿西園，喜泥潤、燕歸南浦。最妨他、佳約風流，鈿車不至杜陵路。沉沉江上望極，還被春潮晚急，難尋官渡。隱約遙峰，和淚謝娘眉嫵。臨斷岸、新綠生時，是落紅、帶愁流處。記當日、門掩梨花，剪燈深夜，語雙雙燕。」《詠題》云：「過春社了。度簾幕中間，去年塵冷。」白石《齊天樂賦促織》云：「庾郎先自吟愁賦，凄凄更聞私語。露濕銅鋪，苔侵石井，都是曾聽伊處。哀音似訴。正思婦無眠，起尋機杼。曲曲屏山，夜涼獨自甚情緒。西窗又吟暗雨，為誰頻斷續，相和砧杵。候館吟秋，離宮弔月，別有傷心無數。幽詩漫與。笑籬落呼燈，世間兒女。寫入素絲，一聲聲更苦。」皆全章精粹，所詠瞭然在目，且不留滯於物。至於劉改之《詠指甲》詞：「《沁園春》銷薄春冰，碾輕寒玉漸長漸灣見鳳鞋泥污，畏人強剔，沈涎香斷，撥火輕翻。學撫瑤琴時復剪，更掬水魚鱗波底寒。​劃遍欄杆。每至相思沉吟處，又斜倚、朱唇皓齒間。風流甚，把仙郎暗搯，不放春閒。」又《詠小腳》云：「洛浦凌波，為誰微步，輕塵暗生。記踏花芳徑，亂紅不損，步苔幽砌，嫩綠無痕。襯玉羅慳，銷金樣窄，載不起、盈盈一段春。嬉遊倦，笑教人款捻，微褪些跟。卻有時自度歌聲，悄不覺、微尖點拍頻。憶金蓮移換，文鴛得侶，繡裀催袞，舞鳳輕分。懊恨深遮，牽情半露，時出沒風前煙縷裙。知何似，似一鉤新月，淺碧籠雲。」此詞亦「工麗，但不可與前作同日語。」,author_text,data/selected/ciyuan.txt,2224,2226,依稱謂與上下文，候選指向姜夔；待作者核定,待作者核定
詞源（選定14節）,ciyuan:12:《離情》,"白
石",白石,「春草碧色，春水綠波，送君南浦，傷如之何。」矧！情至於離，則哀怨必至。苟能調感愴於融會中，斯為得矣。白石《琵琶仙》云：「雙漿來時，有人似、舊曲桃根桃葉。歌扇輕約飛花，娥眉正愁絕。春漸遠、汀洲自綠，更添了、幾聲啼鴂。十里揚州，三生杜牧，前事休說。又還是、宮燭分煙，奈愁裡、匆匆換時節。都把一襟芳思，與空階榆莢，千萬縷、藏鴉細柳，為玉尊、起舞迴雪。想西出陽關，故人初別。」秦少游《八六子》云：「倚危亭、恨如芳草，凄凄划盡還生。念柳外青驄別後，水邊紅袂分時。愴然暗驚。無端天與𡞲婷。夜月一簾幽夢，春風十里柔情，怎奈向、歡娛漸隨流水，素絃聲斷，翠綃香減，那堪片片飛花弄晚，濛濛殘雨籠晴。正消凝、黃鸝又啼數聲。」離情當如此作，全在情景交煉，得言外意。又如「勸君更盡一杯酒，西出陽關無故人」，乃為絕唱。,author_text,data/selected/ciyuan.txt,3729,3732,依稱謂與上下文，候選指向姜夔；待作者核定,待作者核定
詞源（選定14節）,ciyuan:14:《雜論》,白石,白石,詞之語句，太寬則容易，太工則苦澀。如起頭八句相對，中間八句相對，卻須用工。著一字眼，如詩眼一同。若八字既工，下句便合少寬，庶不窒塞。約莫太寬易又著一句工緻者，便精粹。此詞中之關鍵也。詞不可強和人韻。若倡者曲韻寬平，庶可賡和。倘韻險又為人所先，而必欲牽強賡和，則句意安能融貫​未盡苦思未見有全妥溜者。東坡《和張質夫楊花水龍吟》，起句便合讓東坡一頭地。況後段愈出愈奇，真是壓倒今古。吾輩倘遇險韻，不若祖其元韻，隨意換易，或易韻答之，亦古人「三不和」之說。大詞之料，可以斂為小詞。小詞之料，亦可以展為大詞。是必一句引為兩三句，或引他意入來，捏合成章，必無一唱三歎。如少游《水龍吟》「小樓連苑橫空，下窺繡轂雕鞍驟」，尤且不免東坡誚。近代詞如《陽春白雪集》，如《絕妙詞選》，亦有可觀。但所取不甚精一，豈若周草窗所選《絕妙好詞》為精粹。惜此板不存墨本，亦有好事者藏之，難莫難於壽詞，倘盡言富貴則塵俗，盡言功名則諛佞，言神仙則迂闊虛誕，當總此三者而為之，無俗忌之詞，不失其壽可也。松椿龜鶴，固所不免。「卻化」字面，語意新奇。近代陳西麓所作平正，亦有佳者。詞欲雅而正，志之所之，一為物所役，則失其雅正之音。耆卿、伯可不必論，雖美成亦有所不免。如「為伊淚落」，如「最苦夢魂，今宵不到伊行」，如「天便教人，霎時廝見何妨」，又如伊「尋消問息，瘦損容光」，如「許多煩惱，只為當時，一餉留情」，所謂淳朴舊變如澆風矣。詩之賦梅，惟和靖一聯而已。世非無詩，不能與之齊驅耳。詞之賦梅，惟白石《暗香》《疏影》二曲，前無古人，後無來者，自立新意，真為絕唱。太白云：「眼前有景道不得，崔灝題詩在上頭。」誠哉言也。東坡如《水龍吟》《詠龍笛》《詠楊花》，又《過秦樓》《洞仙歌》《卜筭子》等作，皆清麗舒徐，高出人表。《哨遍》一曲，檃括《歸去來》辭，更是精妙，周、秦諸人所不能到。辛稼軒、劉改之作豪氣詞，雅詞也。於文章議論餘暇，戲筆墨為長短之詩句耳。元遺山極稱辛稼軒詞。及觀遺山詞，深於用事，精於煉句，風流醞藉處，不減周、秦。如《雙蓮》《鴈立》等，妙在摹寫情意，立意高遠，初無稼軒詞豪邁之氣。豈遺山欲表而出之故耶。,author_text,data/selected/ciyuan.txt,4884,4886,依稱謂與上下文，候選指向姜夔；待作者核定,待作者核定
詞旨（保守候選）,詞說七則,姜白石,姜白石,姜白石之騷雅，,author_text,data/raw/cizhi_oldid1560431.wikitext,1586,1589,依稱謂與上下文，候選指向姜夔；待作者核定,待作者核定
