id	source_file	start	end	section	excerpt_start	excerpt_end	kind	raw_text	note
attr_at_3352	data/raw/cizhi_oldid1560431.wikitext	3352	3361	屬對	3342	3352	attribution_and_possible_editorial_note	〔田不伐，探春。〕	本候選不併正文，出處原有範圍待核
attr_at_3516	data/raw/cizhi_oldid1560431.wikitext	3516	3525	屬對	3506	3516	attribution_and_possible_editorial_note	〔吳叔，聲聲慢。〕	本候選不併正文，出處原有範圍待核
attr_at_3583	data/raw/cizhi_oldid1560431.wikitext	3583	3587	屬對	3573	3583	attribution_and_possible_editorial_note	〔徐淵〕	本候選不併正文，出處原有範圍待核
attr_at_3646	data/raw/cizhi_oldid1560431.wikitext	3646	3705	屬對	3636	3646	attribution_and_possible_editorial_note	"〔周美成西平樂。元豐初，予以布衣西上，過天長道中。後
四十餘年，辛丑正月二十六日，避賊復游故地，感歎歲月，偶成此詞。〕"	本候選不併正文，出處原有範圍待核
attr_at_3889	data/raw/cizhi_oldid1560431.wikitext	3889	3907	屬對	3879	3889	attribution_and_possible_editorial_note	〔姜白石，法曲獻仙音，張彥功官舍。〕	本候選不併正文，出處原有範圍待核
attr_at_4035	data/raw/cizhi_oldid1560431.wikitext	4035	4044	屬對	4025	4035	attribution_and_possible_editorial_note	〔丁宏庵，前調。〕	本候選不併正文，出處原有範圍待核
attr_at_4061	data/raw/cizhi_oldid1560431.wikitext	4061	4076	屬對	4051	4061	attribution_and_possible_editorial_note	〔吳夢窗，前調，和丁宏庵韻。〕	本候選不併正文，出處原有範圍待核
attr_at_4216	data/raw/cizhi_oldid1560431.wikitext	4216	4231	屬對	4206	4216	attribution_and_possible_editorial_note	〔前人，前調，賦秋晚紅白蓮。〕	本候選不併正文，出處原有範圍待核
attr_at_4373	data/raw/cizhi_oldid1560431.wikitext	4373	4385	屬對	4363	4373	attribution_and_possible_editorial_note	〔樓君亮，法曲獻仙音。〕	本候選不併正文，出處原有範圍待核
attr_at_4513	data/raw/cizhi_oldid1560431.wikitext	4513	4522	屬對	4503	4513	attribution_and_possible_editorial_note	〔前人。紫丁香。〕	本候選不併正文，出處原有範圍待核
attr_at_4539	data/raw/cizhi_oldid1560431.wikitext	4539	4544	屬對	4529	4539	attribution_and_possible_editorial_note	〔前人。〕	本候選不併正文，出處原有範圍待核
attr_at_4561	data/raw/cizhi_oldid1560431.wikitext	4561	4577	屬對	4551	4561	attribution_and_possible_editorial_note	〔翁處靜，齊天樂，游胡園書感。〕	本候選不併正文，出處原有範圍待核
attr_at_4719	data/raw/cizhi_oldid1560431.wikitext	4719	4728	屬對	4709	4719	attribution_and_possible_editorial_note	〔史邦卿，前調。〕	本候選不併正文，出處原有範圍待核
attr_at_4869	data/raw/cizhi_oldid1560431.wikitext	4869	4887	屬對	4859	4869	attribution_and_possible_editorial_note	〔前人，前調，西湖即席分韻得羽字。〕	本候選不併正文，出處原有範圍待核
attr_at_5026	data/raw/cizhi_oldid1560431.wikitext	5026	5035	屬對	5016	5026	attribution_and_possible_editorial_note	〔周草窗，前調。〕	本候選不併正文，出處原有範圍待核
attr_at_5175	data/raw/cizhi_oldid1560431.wikitext	5175	5184	屬對	5165	5175	attribution_and_possible_editorial_note	〔黃雙溪，前調。〕	本候選不併正文，出處原有範圍待核
attr_at_5324	data/raw/cizhi_oldid1560431.wikitext	5324	5349	屬對	5314	5324	attribution_and_possible_editorial_note	〔丁宏庵。寒梅。去病案：四印齋本有此二字，從之。〕	本候選不併正文，出處原有範圍待核
attr_at_5367	data/raw/cizhi_oldid1560431.wikitext	5367	5372	屬對	5357	5367	attribution_and_possible_editorial_note	〔施梅川〕	本候選不併正文，出處原有範圍待核
attr_at_5389	data/raw/cizhi_oldid1560431.wikitext	5389	5399	屬對	5379	5389	attribution_and_possible_editorial_note	〔前人。去姬復來。〕	本候選不併正文，出處原有範圍待核
attr_at_5416	data/raw/cizhi_oldid1560431.wikitext	5416	5421	屬對	5406	5416	attribution_and_possible_editorial_note	〔前人。〕	本候選不併正文，出處原有範圍待核
attr_at_5438	data/raw/cizhi_oldid1560431.wikitext	5438	5451	屬對	5428	5438	attribution_and_possible_editorial_note	〔王通叟，慶清朝，踏青。〕	本候選不併正文，出處原有範圍待核
attr_at_5586	data/raw/cizhi_oldid1560431.wikitext	5586	5599	屬對	5576	5586	attribution_and_possible_editorial_note	〔史邦卿，綺羅香，春雨。〕	本候選不併正文，出處原有範圍待核
attr_at_5743	data/raw/cizhi_oldid1560431.wikitext	5743	5757	屬對	5733	5743	attribution_and_possible_editorial_note	〔前人，東風第一枝，春雪。〕	本候選不併正文，出處原有範圍待核
attr_at_5907	data/raw/cizhi_oldid1560431.wikitext	5907	5917	屬對	5897	5907	attribution_and_possible_editorial_note	〔陳同甫，水龍吟。〕	本候選不併正文，出處原有範圍待核
attr_at_6071	data/raw/cizhi_oldid1560431.wikitext	6071	6088	屬對	6061	6071	attribution_and_possible_editorial_note	〔姜白石，一萼紅，人日登定王台。〕	本候選不併正文，出處原有範圍待核
attr_at_6236	data/raw/cizhi_oldid1560431.wikitext	6236	6250	屬對	6226	6236	attribution_and_possible_editorial_note	〔前人，惜紅衣，吳興荷花。〕	本候選不併正文，出處原有範圍待核
attr_at_6375	data/raw/cizhi_oldid1560431.wikitext	6375	6385	屬對	6365	6375	attribution_and_possible_editorial_note	〔孫花翁，晝錦堂。〕	本候選不併正文，出處原有範圍待核
attr_at_6526	data/raw/cizhi_oldid1560431.wikitext	6526	6536	屬對	6516	6526	attribution_and_possible_editorial_note	〔高竹屋，齊天樂。〕	本候選不併正文，出處原有範圍待核
attr_at_6675	data/raw/cizhi_oldid1560431.wikitext	6675	6689	屬對	6665	6675	attribution_and_possible_editorial_note	〔前人。去病案：擎原作經。〕	本候選不併正文，出處原有範圍待核
attr_at_6730	data/raw/cizhi_oldid1560431.wikitext	6730	6756	屬對	6720	6730	attribution_and_possible_editorial_note	〔李篔房，踏莎行，題周草窗十擬。去病案：送一作迷。〕	本候選不併正文，出處原有範圍待核
attr_at_6839	data/raw/cizhi_oldid1560431.wikitext	6839	6844	屬對	6829	6839	attribution_and_possible_editorial_note	〔前人。〕	本候選不併正文，出處原有範圍待核
attr_at_6861	data/raw/cizhi_oldid1560431.wikitext	6861	6866	屬對	6851	6861	attribution_and_possible_editorial_note	〔吳夢窗〕	本候選不併正文，出處原有範圍待核
attr_at_6913	data/raw/cizhi_oldid1560431.wikitext	6913	6927	屬對	6903	6913	attribution_and_possible_editorial_note	〔前人，澡蘭香，淮安重午。〕	本候選不併正文，出處原有範圍待核
attr_at_7061	data/raw/cizhi_oldid1560431.wikitext	7061	7076	屬對	7051	7061	attribution_and_possible_editorial_note	〔姜白石，念奴嬌，吳興荷花。〕	本候選不併正文，出處原有範圍待核
attr_at_7223	data/raw/cizhi_oldid1560431.wikitext	7223	7246	屬對	7213	7223	attribution_and_possible_editorial_note	〔張寄閒，茶花。去病案：他刻有此二字，從之。〕	本候選不併正文，出處原有範圍待核
attr_at_7264	data/raw/cizhi_oldid1560431.wikitext	7264	7269	屬對	7254	7264	attribution_and_possible_editorial_note	〔前人。〕	本候選不併正文，出處原有範圍待核
attr_at_7286	data/raw/cizhi_oldid1560431.wikitext	7286	7306	屬對	7276	7286	attribution_and_possible_editorial_note	〔丁湖南齊天樂，庚元夕，都下遇趙立之。〕	本候選不併正文，出處原有範圍待核
attr_at_7455	data/raw/cizhi_oldid1560431.wikitext	7455	7466	屬對	7445	7455	attribution_and_possible_editorial_note	〔周草窗，長亭怨慢。〕	本候選不併正文，出處原有範圍待核
attr_at_7610	data/raw/cizhi_oldid1560431.wikitext	7610	7634	樂笑翁奇對	7600	7610	attribution_and_possible_editorial_note	〔掃花游，高疏寮東野園。去病案：野原作野，非。〕	本候選不併正文，出處原有範圍待核
attr_at_7765	data/raw/cizhi_oldid1560431.wikitext	7765	7840	樂笑翁奇對	7755	7765	attribution_and_possible_editorial_note	"〔瑣窗寒，悼王碧山。去病案：龔刊本云：「王碧山又號中
仙，越人也。能文工詞，琢語峭拔，有白石意度，今絕響矣。余悼玉笥山，所謂長歌
之哀，過於痛哭。」〕"	本候選不併正文，出處原有範圍待核
attr_at_8003	data/raw/cizhi_oldid1560431.wikitext	8003	8012	樂笑翁奇對	7993	8003	attribution_and_possible_editorial_note	〔解連環，孤雁。〕	本候選不併正文，出處原有範圍待核
attr_at_8158	data/raw/cizhi_oldid1560431.wikitext	8158	8169	樂笑翁奇對	8148	8158	attribution_and_possible_editorial_note	〔高陽台，西湖春感。〕	本候選不併正文，出處原有範圍待核
attr_at_8307	data/raw/cizhi_oldid1560431.wikitext	8307	8384	樂笑翁奇對	8297	8307	attribution_and_possible_editorial_note	"〔聲聲慢，西湖。去病案：曉一本作晚。又四印本序云：「
余與王碧山泛舟鑒曲，王蕺隱吹簫，余倚歌而和。天闊秋高，光景奇絕，與姜白石垂
虹夜遊，同一清致也。」〕"	本候選不併正文，出處原有範圍待核
attr_at_8529	data/raw/cizhi_oldid1560431.wikitext	8529	8568	樂笑翁奇對	8519	8529	attribution_and_possible_editorial_note	"〔壺中天，養拙園夜飲。去病案：絕妙好詞作養拙夜飲，客
有彈箜篌者，即事以賦。〕"	本候選不併正文，出處原有範圍待核
attr_at_8705	data/raw/cizhi_oldid1560431.wikitext	8705	8717	樂笑翁奇對	8695	8705	attribution_and_possible_editorial_note	〔真珠簾，近雅軒即事。〕	本候選不併正文，出處原有範圍待核
attr_at_8851	data/raw/cizhi_oldid1560431.wikitext	8851	8889	樂笑翁奇對	8841	8851	attribution_and_possible_editorial_note	"〔一萼紅，周草窗新居。去病案：龔本題弁陽翁新居堂名志
雅，詞名萍洲漁笛譜。〕"	本候選不併正文，出處原有範圍待核
attr_at_8900	data/raw/cizhi_oldid1560431.wikitext	8900	8914	樂笑翁奇對	8890	8900	attribution_and_possible_editorial_note	〔同上去病案：苔一本作花。〕	本候選不併正文，出處原有範圍待核
attr_at_9188	data/raw/cizhi_oldid1560431.wikitext	9188	9242	樂笑翁奇對	9178	9188	attribution_and_possible_editorial_note	"〔憶舊遊，吳山醉飲寄沈道克諸公。去病案：龔本題新朋故
侶，詩酒遲留，吳山蒼蒼，渺渺兮余懷也，寄沈堯道諸公。〕"	本候選不併正文，出處原有範圍待核
attr_at_9405	data/raw/cizhi_oldid1560431.wikitext	9405	9439	樂笑翁奇對	9395	9405	attribution_and_possible_editorial_note	"〔壺中天、渡黃河。去病案：龔本題夜渡古黃河，與沈堯道
曾子敬同賦。〕"	本候選不併正文，出處原有範圍待核
attr_at_9585	data/raw/cizhi_oldid1560431.wikitext	9585	9699	樂笑翁奇對	9575	9585	attribution_and_possible_editorial_note	"〔湘月、戊子冬晚遊山陰。去病案：聚一作受。又龔本題，
餘載書往來山陰道中，每以事奪，不能盡興。戊子冬晚，與徐平野、王中仙曳舟溪上
，天空水寒，古意蕭颯。中仙有詞雅麗，平野作晉雪圖，亦清逸可觀。余述此調，蓋
白石念奴嬌鬲指聲也。〕"	本候選不併正文，出處原有範圍待核
attr_at_9850	data/raw/cizhi_oldid1560431.wikitext	9850	9893	樂笑翁奇對	9840	9850	attribution_and_possible_editorial_note	"〔慶宮春。都下寒食，遊人甚盛，水邊花外，多麗環集，各
以柳圈祓禊而去，亦京洛舊事也。〕"	本候選不併正文，出處原有範圍待核
attr_at_10036	data/raw/cizhi_oldid1560431.wikitext	10036	10052	樂笑翁奇對	10026	10036	attribution_and_possible_editorial_note	〔法曲獻仙音，聽琵琶有感昔游。〕	本候選不併正文，出處原有範圍待核
attr_at_10188	data/raw/cizhi_oldid1560431.wikitext	10188	10217	樂笑翁奇對	10178	10188	attribution_and_possible_editorial_note	"〔聲聲慢，送友還杭州。去病案：龔本題送琴友季靜軒還杭
。〕"	本候選不併正文，出處原有範圍待核
attr_at_10353	data/raw/cizhi_oldid1560431.wikitext	10353	10427	樂笑翁奇對	10343	10353	attribution_and_possible_editorial_note	"〔慶清朝，韓亦顏隱居。去病案：龔本題，韓亦顏歸隱兩水
之濱，殆未孫王右丞茱萸沜。予從之遊，盤花旋竹，散懷吟眺，一任所適，太白去後
三百年無此樂也。〕"	本候選不併正文，出處原有範圍待核
attr_at_10561	data/raw/cizhi_oldid1560431.wikitext	10561	10629	樂笑翁奇對	10551	10561	attribution_and_possible_editorial_note	"〔甘州，杭州晤趙文叔。去病案：新一作歌。又龔本題，趙
文叔與余賦別十年餘，余方東遊，文叔北歸，況味俱寥落。更十年觀此曲，又當如何
耶。〕"	本候選不併正文，出處原有範圍待核
attr_at_10763	data/raw/cizhi_oldid1560431.wikitext	10763	10782	樂笑翁奇對	10753	10763	attribution_and_possible_editorial_note	〔解語花，吳子雲家愛菊，有朝雲之感。〕	本候選不併正文，出處原有範圍待核
attr_at_10921	data/raw/cizhi_oldid1560431.wikitext	10921	10970	樂笑翁奇對	10911	10921	attribution_and_possible_editorial_note	"〔聲聲慢，己亥歲自台回杭，雁旅數月，忽起遠興。余冉冉
老矣，誰能重寫舊遊編否。去病案：省一作覓。〕"	本候選不併正文，出處原有範圍待核
attr_at_11118	data/raw/cizhi_oldid1560431.wikitext	11118	11127	樂笑翁奇對	11108	11118	attribution_and_possible_editorial_note	〔前調，賦漁隱。〕	本候選不併正文，出處原有範圍待核
attr_at_11262	data/raw/cizhi_oldid1560431.wikitext	11262	11283	樂笑翁奇對	11252	11262	attribution_and_possible_editorial_note	〔前調，和韓竹閒韻，贈歌者關關在兩水居。〕	本候選不併正文，出處原有範圍待核
attr_at_11418	data/raw/cizhi_oldid1560431.wikitext	11418	11448	樂笑翁奇對	11408	11418	attribution_and_possible_editorial_note	"〔前調，吳中感舊。去病案：舟別本作船，又龔本作中吳感
舊。〕"	本候選不併正文，出處原有範圍待核
attr_at_11677	data/raw/cizhi_oldid1560431.wikitext	11677	11686	一般警句現存段（無標題）	11663	11677	attribution_and_possible_editorial_note	〔前人，阮郎歸。〕	本候選不併正文，出處原有範圍待核
attr_at_11761	data/raw/cizhi_oldid1560431.wikitext	11761	11780	一般警句現存段（無標題）	11747	11761	attribution_and_possible_editorial_note	〔劉小山，清平樂。去病案：簾一作屏。〕	本候選不併正文，出處原有範圍待核
attr_at_11848	data/raw/cizhi_oldid1560431.wikitext	11848	11864	一般警句現存段（無標題）	11839	11848	attribution_and_possible_editorial_note	〔白石，揚州幔。一本與下對調。〕	本候選不併正文，出處原有範圍待核
attr_at_11998	data/raw/cizhi_oldid1560431.wikitext	11998	12009	一般警句現存段（無標題）	11990	11998	attribution_and_possible_editorial_note	〔前人，暗香，賦梅。〕	本候選不併正文，出處原有範圍待核
attr_at_12148	data/raw/cizhi_oldid1560431.wikitext	12148	12159	一般警句現存段（無標題）	12132	12148	attribution_and_possible_editorial_note	〔前人，疏影，賦梅。〕	本候選不併正文，出處原有範圍待核
attr_at_12325	data/raw/cizhi_oldid1560431.wikitext	12325	12340	一般警句現存段（無標題）	12297	12325	attribution_and_possible_editorial_note	"〔前人，惜紅衣，
吳興荷花。〕"	本候選不併正文，出處原有範圍待核
attr_at_12356	data/raw/cizhi_oldid1560431.wikitext	12356	12361	一般警句現存段（無標題）	12343	12356	attribution_and_possible_editorial_note	〔同上。〕	本候選不併正文，出處原有範圍待核
attr_at_12376	data/raw/cizhi_oldid1560431.wikitext	12376	12390	一般警句現存段（無標題）	12369	12376	attribution_and_possible_editorial_note	〔前人，念奴嬌，吳興荷花。〕	本候選不併正文，出處原有範圍待核
attr_at_12416	data/raw/cizhi_oldid1560431.wikitext	12416	12426	一般警句現存段（無標題）	12398	12416	attribution_and_possible_editorial_note	〔劉招山，一剪梅。〕	本候選不併正文，出處原有範圍待核
attr_at_12520	data/raw/cizhi_oldid1560431.wikitext	12520	12535	一般警句現存段（無標題）	12505	12520	attribution_and_possible_editorial_note	〔孫花翁，燭影搖紅，詠牡丹。〕	本候選不併正文，出處原有範圍待核
attr_at_12688	data/raw/cizhi_oldid1560431.wikitext	12688	12702	一般警句現存段（無標題）	12657	12688	attribution_and_possible_editorial_note	"〔史邦卿，
綺羅香，春雨。〕"	本候選不併正文，出處原有範圍待核
attr_at_12722	data/raw/cizhi_oldid1560431.wikitext	12722	12731	一般警句現存段（無標題）	12710	12722	attribution_and_possible_editorial_note	〔前人，雙雙燕。〕	本候選不併正文，出處原有範圍待核
attr_at_12869	data/raw/cizhi_oldid1560431.wikitext	12869	12883	一般警句現存段（無標題）	12854	12869	attribution_and_possible_editorial_note	〔前人，東風第一枝，春雪。〕	本候選不併正文，出處原有範圍待核
attr_at_12905	data/raw/cizhi_oldid1560431.wikitext	12905	12917	一般警句現存段（無標題）	12891	12905	attribution_and_possible_editorial_note	〔前人，喜遷鶯，元宵。〕	本候選不併正文，出處原有範圍待核
attr_at_13062	data/raw/cizhi_oldid1560431.wikitext	13062	13077	一般警句現存段（無標題）	13049	13062	attribution_and_possible_editorial_note	〔高竹屋，金人捧露盤，詠梅。〕	本候選不併正文，出處原有範圍待核
attr_at_13195	data/raw/cizhi_oldid1560431.wikitext	13195	13205	一般警句現存段（無標題）	13182	13195	attribution_and_possible_editorial_note	〔前人，祝英台近。〕	本候選不併正文，出處原有範圍待核
attr_at_13322	data/raw/cizhi_oldid1560431.wikitext	13322	13333	一般警句現存段（無標題）	13305	13322	attribution_and_possible_editorial_note	〔張東澤，疏簾淡月。〕	本候選不併正文，出處原有範圍待核
attr_at_13348	data/raw/cizhi_oldid1560431.wikitext	13348	13364	一般警句現存段（無標題）	13336	13348	attribution_and_possible_editorial_note	〔同上。去病案：塵世一作醒醉。〕	本候選不併正文，出處原有範圍待核
attr_at_13382	data/raw/cizhi_oldid1560431.wikitext	13382	13387	一般警句現存段（無標題）	13367	13382	attribution_and_possible_editorial_note	〔同上。〕	本候選不併正文，出處原有範圍待核
attr_at_13533	data/raw/cizhi_oldid1560431.wikitext	13533	13542	一般警句現存段（無標題）	13518	13533	attribution_and_possible_editorial_note	〔前人，念奴嬌。〕	本候選不併正文，出處原有範圍待核
attr_at_13679	data/raw/cizhi_oldid1560431.wikitext	13679	13689	一般警句現存段（無標題）	13672	13679	attribution_and_possible_editorial_note	〔王貴英，夜行船。〕	本候選不併正文，出處原有範圍待核
attr_at_13771	data/raw/cizhi_oldid1560431.wikitext	13771	13785	一般警句現存段（無標題）	13763	13771	attribution_and_possible_editorial_note	〔韓蕭閒，浪淘沙，豐樂樓。〕	本候選不併正文，出處原有範圍待核
attr_at_13869	data/raw/cizhi_oldid1560431.wikitext	13869	13882	一般警句現存段（無標題）	13855	13869	attribution_and_possible_editorial_note	〔劉後村，清平樂，賦舞。〕	本候選不併正文，出處原有範圍待核
attr_at_13956	data/raw/cizhi_oldid1560431.wikitext	13956	13966	一般警句現存段（無標題）	13941	13956	attribution_and_possible_editorial_note	〔羅澗谷，柳梢青。〕	本候選不併正文，出處原有範圍待核
attr_at_14038	data/raw/cizhi_oldid1560431.wikitext	14038	14057	一般警句現存段（無標題）	14032	14038	attribution_and_possible_editorial_note	〔周蕭齋，點絳唇，訪牟存叟南漪釣隱。〕	本候選不併正文，出處原有範圍待核
attr_at_14127	data/raw/cizhi_oldid1560431.wikitext	14127	14139	一般警句現存段（無標題）	14112	14127	attribution_and_possible_editorial_note	〔前人，柳梢青，楊花。〕	本候選不併正文，出處原有範圍待核
attr_at_14221	data/raw/cizhi_oldid1560431.wikitext	14221	14232	一般警句現存段（無標題）	14205	14221	attribution_and_possible_editorial_note	〔趙霞山崗，戀繡衾。〕	本候選不併正文，出處原有範圍待核
attr_at_14313	data/raw/cizhi_oldid1560431.wikitext	14313	14323	一般警句現存段（無標題）	14300	14313	attribution_and_possible_editorial_note	〔陸雲西，瑞鶴仙。〕	本候選不併正文，出處原有範圍待核
attr_at_14466	data/raw/cizhi_oldid1560431.wikitext	14466	14480	一般警句現存段（無標題）	14453	14466	attribution_and_possible_editorial_note	〔蕭小山，霜天曉角，詠梅。〕	本候選不併正文，出處原有範圍待核
attr_at_14555	data/raw/cizhi_oldid1560431.wikitext	14555	14565	一般警句現存段（無標題）	14539	14555	attribution_and_possible_editorial_note	〔鍾梅心，步蟾宮。〕	本候選不併正文，出處原有範圍待核
attr_at_14661	data/raw/cizhi_oldid1560431.wikitext	14661	14672	一般警句現存段（無標題）	14634	14661	attribution_and_possible_editorial_note	"〔李肩吾，清平樂。
〕"	本候選不併正文，出處原有範圍待核
attr_at_14744	data/raw/cizhi_oldid1560431.wikitext	14744	14757	一般警句現存段（無標題）	14731	14744	attribution_and_possible_editorial_note	〔黃玉林，清平樂，宮詞。〕	本候選不併正文，出處原有範圍待核
attr_at_14830	data/raw/cizhi_oldid1560431.wikitext	14830	14851	一般警句現存段（無標題）	14816	14830	attribution_and_possible_editorial_note	〔吳夢窗，八聲甘州，陪庾幕諸公秋登靈巖。〕	本候選不併正文，出處原有範圍待核
attr_at_14990	data/raw/cizhi_oldid1560431.wikitext	14990	15006	一般警句現存段（無標題）	14977	14990	attribution_and_possible_editorial_note	〔前人，聲聲慢，閏重九飲郭園。〕	本候選不併正文，出處原有範圍待核
attr_at_15148	data/raw/cizhi_oldid1560431.wikitext	15148	15160	一般警句現存段（無標題）	15131	15148	attribution_and_possible_editorial_note	〔前人，高陽台，落梅。〕	本候選不併正文，出處原有範圍待核
attr_at_15322	data/raw/cizhi_oldid1560431.wikitext	15322	15337	一般警句現存段（無標題）	15307	15322	attribution_and_possible_editorial_note	〔前人，西江月，梅枝上晚花。〕	本候選不併正文，出處原有範圍待核
attr_at_15355	data/raw/cizhi_oldid1560431.wikitext	15355	15369	一般警句現存段（無標題）	15340	15355	attribution_and_possible_editorial_note	〔同上。去病案：滿一作老。〕	本候選不併正文，出處原有範圍待核
attr_at_15439	data/raw/cizhi_oldid1560431.wikitext	15439	15456	一般警句現存段（無標題）	15432	15439	attribution_and_possible_editorial_note	〕前人，齊天樂，飲白醪感少年事。〕	本候選不併正文，出處原有範圍待核；開括號誤用右括號
attr_at_15602	data/raw/cizhi_oldid1560431.wikitext	15602	15625	一般警句現存段（無標題）	15586	15602	attribution_and_possible_editorial_note	"〔前人，倦尋芳，花翁遇舊，李憐，分韻同賦
。〕"	本候選不併正文，出處原有範圍待核
attr_at_15639	data/raw/cizhi_oldid1560431.wikitext	15639	15644	一般警句現存段（無標題）	15628	15639	attribution_and_possible_editorial_note	〔同上。〕	本候選不併正文，出處原有範圍待核
attr_at_15783	data/raw/cizhi_oldid1560431.wikitext	15783	15793	一般警句現存段（無標題）	15768	15783	attribution_and_possible_editorial_note	〔江月湖，杏花天。〕	本候選不併正文，出處原有範圍待核
attr_at_15878	data/raw/cizhi_oldid1560431.wikitext	15878	15897	一般警句現存段（無標題）	15862	15878	attribution_and_possible_editorial_note	〔趙釣月，風入松。去病案：起一作上。〕	本候選不併正文，出處原有範圍待核
attr_at_16030	data/raw/cizhi_oldid1560431.wikitext	16030	16039	一般警句現存段（無標題）	15989	16030	attribution_and_possible_editorial_note	〔陳西麓絳都春。〕	本候選不併正文，出處原有範圍待核
attr_at_16187	data/raw/cizhi_oldid1560431.wikitext	16187	16196	一般警句現存段（無標題）	16163	16187	attribution_and_possible_editorial_note	〔前人，戀繡衾。〕	本候選不併正文，出處原有範圍待核
attr_at_16281	data/raw/cizhi_oldid1560431.wikitext	16281	16300	一般警句現存段（無標題）	16265	16281	attribution_and_possible_editorial_note	〔張寄閒，瑞鶴仙。去病案：溪一作橋。〕	本候選不併正文，出處原有範圍待核
attr_at_16308	data/raw/cizhi_oldid1560431.wikitext	16308	16313	一般警句現存段（無標題）	16303	16308	attribution_and_possible_editorial_note	〔同上。〕	本候選不併正文，出處原有範圍待核
attr_at_16347	data/raw/cizhi_oldid1560431.wikitext	16347	16362	一般警句現存段（無標題）	16316	16347	attribution_and_possible_editorial_note	"〔同上。去
病案：住一作定。〕"	本候選不併正文，出處原有範圍待核
attr_at_16502	data/raw/cizhi_oldid1560431.wikitext	16502	16523	一般警句現存段（無標題）	16495	16502	attribution_and_possible_editorial_note	〔前人，壺中天，月夕登繪幅堂與篔房同賦。〕	本候選不併正文，出處原有範圍待核
attr_at_16695	data/raw/cizhi_oldid1560431.wikitext	16695	16705	一般警句現存段（無標題）	16680	16695	attribution_and_possible_editorial_note	〔莫子山，水龍吟。〕	本候選不併正文，出處原有範圍待核
attr_at_16724	data/raw/cizhi_oldid1560431.wikitext	16724	16729	一般警句現存段（無標題）	16708	16724	attribution_and_possible_editorial_note	〔同上。〕	本候選不併正文，出處原有範圍待核
attr_at_16876	data/raw/cizhi_oldid1560431.wikitext	16876	16892	一般警句現存段（無標題）	16860	16876	attribution_and_possible_editorial_note	〔楊西村，二郎神，用徐幹臣韻。〕	本候選不併正文，出處原有範圍待核
attr_at_17042	data/raw/cizhi_oldid1560431.wikitext	17042	17051	一般警句現存段（無標題）	17026	17042	attribution_and_possible_editorial_note	〔前人，倦尋芳。〕	本候選不併正文，出處原有範圍待核
attr_at_17171	data/raw/cizhi_oldid1560431.wikitext	17171	17181	一般警句現存段（無標題）	17151	17171	attribution_and_possible_editorial_note	〔前人，祝英台近。〕	本候選不併正文，出處原有範圍待核
attr_at_17302	data/raw/cizhi_oldid1560431.wikitext	17302	17312	一般警句現存段（無標題）	17282	17302	attribution_and_possible_editorial_note	〔前人，前調中秋。〕	本候選不併正文，出處原有範圍待核
attr_at_17419	data/raw/cizhi_oldid1560431.wikitext	17419	17440	一般警句現存段（無標題）	17412	17419	attribution_and_possible_editorial_note	〔李篔房，謁金門。去病案：胡本作只咫非。〕	本候選不併正文，出處原有範圍待核
attr_at_17510	data/raw/cizhi_oldid1560431.wikitext	17510	17525	一般警句現存段（無標題）	17498	17510	attribution_and_possible_editorial_note	〔前人，壺中天，登寄閒吟台。〕	本候選不併正文，出處原有範圍待核
attr_at_17677	data/raw/cizhi_oldid1560431.wikitext	17677	17695	一般警句現存段（無標題）	17663	17677	attribution_and_possible_editorial_note	〔前人，探芳信，湖上春繼周草窗韻。〕	本候選不併正文，出處原有範圍待核
attr_at_17830	data/raw/cizhi_oldid1560431.wikitext	17830	17840	一般警句現存段（無標題）	17810	17830	attribution_and_possible_editorial_note	〔前人，祝英台近。〕	本候選不併正文，出處原有範圍待核
attr_at_17951	data/raw/cizhi_oldid1560431.wikitext	17951	17970	一般警句現存段（無標題）	17938	17951	attribution_and_possible_editorial_note	〔李萊老，浪淘沙。去病案：卻一作廢。〕	本候選不併正文，出處原有範圍待核
attr_at_18046	data/raw/cizhi_oldid1560431.wikitext	18046	18060	一般警句現存段（無標題）	18039	18046	attribution_and_possible_editorial_note	〔王可竹，齊天樂，客長安。〕	本候選不併正文，出處原有範圍待核
attr_at_18090	data/raw/cizhi_oldid1560431.wikitext	18090	18095	一般警句現存段（無標題）	18063	18090	attribution_and_possible_editorial_note	〔同上。〕	本候選不併正文，出處原有範圍待核
attr_at_18253	data/raw/cizhi_oldid1560431.wikitext	18253	18269	一般警句現存段（無標題）	18225	18253	attribution_and_possible_editorial_note	"〔張梅崖，綺羅香
，漁浦有感。〕"	本候選不併正文，出處原有範圍待核
attr_at_18413	data/raw/cizhi_oldid1560431.wikitext	18413	18439	一般警句現存段（無標題）	18397	18413	attribution_and_possible_editorial_note	"〔周草窗，高陽台，寄越中諸友。去病案：輕
一作驚。〕"	本候選不併正文，出處原有範圍待核
attr_at_18582	data/raw/cizhi_oldid1560431.wikitext	18582	18594	一般警句現存段（無標題）	18566	18582	attribution_and_possible_editorial_note	〔前人，聲聲慢，柳花。〕	本候選不併正文，出處原有範圍待核
attr_at_18733	data/raw/cizhi_oldid1560431.wikitext	18733	18745	一般警句現存段（無標題）	18718	18733	attribution_and_possible_editorial_note	〔前人，少年游，宮詞。〕	本候選不併正文，出處原有範圍待核
attr_at_18819	data/raw/cizhi_oldid1560431.wikitext	18819	18829	一般警句現存段（無標題）	18808	18819	attribution_and_possible_editorial_note	〔王碧山，醉落魄。〕	本候選不併正文，出處原有範圍待核
attr_at_18912	data/raw/cizhi_oldid1560431.wikitext	18912	18921	一般警句現存段（無標題）	18901	18912	attribution_and_possible_editorial_note	〔前人，醉落魄。〕	本候選不併正文，出處原有範圍待核
attr_at_18938	data/raw/cizhi_oldid1560431.wikitext	18938	18948	一般警句現存段（無標題）	18923	18938	attribution_and_possible_editorial_note	〔前人，霜天曉角。〕	本候選不併正文，出處原有範圍待核
attr_at_18964	data/raw/cizhi_oldid1560431.wikitext	18964	18972	一般警句現存段（無標題）	18950	18964	attribution_and_possible_editorial_note	〔前人謁金門。〕	本候選不併正文，出處原有範圍待核
attr_at_19022	data/raw/cizhi_oldid1560431.wikitext	19022	19035	一般警句現存段（無標題）	19006	19022	attribution_and_possible_editorial_note	〔前人，醉蓬萊，歸故山。〕	本候選不併正文，出處原有範圍待核
attr_at_19173	data/raw/cizhi_oldid1560431.wikitext	19173	19183	一般警句現存段（無標題）	19162	19173	attribution_and_possible_editorial_note	〔趙元甫，相思引。〕	本候選不併正文，出處原有範圍待核
attr_at_19249	data/raw/cizhi_oldid1560431.wikitext	19249	19260	一般警句現存段（無標題）	19242	19249	attribution_and_possible_editorial_note	〔白石，法曲獻仙音。〕	本候選不併正文，出處原有範圍待核
attr_at_19278	data/raw/cizhi_oldid1560431.wikitext	19278	19293	一般警句現存段（無標題）	19263	19278	attribution_and_possible_editorial_note	〔吳夢窗，塞翁吟，贈丁宏庵。〕	本候選不併正文，出處原有範圍待核
attr_at_19428	data/raw/cizhi_oldid1560431.wikitext	19428	19438	一般警句現存段（無標題）	19413	19428	attribution_and_possible_editorial_note	〔丁基仲，水龍吟。〕	本候選不併正文，出處原有範圍待核
attr_at_19584	data/raw/cizhi_oldid1560431.wikitext	19584	19593	一般警句現存段（無標題）	19571	19584	attribution_and_possible_editorial_note	〔前人，六么令。〕	本候選不併正文，出處原有範圍待核
attr_at_19614	data/raw/cizhi_oldid1560431.wikitext	19614	19680	一般警句現存段（無標題）	19600	19614	attribution_and_possible_editorial_note	"〔周草窗，曲游春，西湖。去病案：胡本作前人，
而逸其詞，並云詞未見，非也。考蘋洲漁笛譜有此作，雖字句微異，而實係一詞，特
錄如下：〕"	本候選不併正文，出處原有範圍待核
attr_at_19841	data/raw/cizhi_oldid1560431.wikitext	19841	19849	樂笑翁警句	19823	19841	attribution_and_possible_editorial_note	〔南浦，春水。〕	本候選不併正文，出處原有範圍待核
attr_at_19993	data/raw/cizhi_oldid1560431.wikitext	19993	20002	樂笑翁警句	19980	19993	attribution_and_possible_editorial_note	〔解連環，孤雁。〕	本候選不併正文，出處原有範圍待核
attr_at_20041	data/raw/cizhi_oldid1560431.wikitext	20041	20060	樂笑翁警句	20013	20041	attribution_and_possible_editorial_note	"〔探春慢，雪霽。
去病案：事一作處。〕"	本候選不併正文，出處原有範圍待核
attr_at_20203	data/raw/cizhi_oldid1560431.wikitext	20203	20214	樂笑翁警句	20191	20203	attribution_and_possible_editorial_note	〔高陽台，西湖感春。〕	本候選不併正文，出處原有範圍待核
attr_at_20231	data/raw/cizhi_oldid1560431.wikitext	20231	20236	樂笑翁警句	20217	20231	attribution_and_possible_editorial_note	〔同上。〕	本候選不併正文，出處原有範圍待核
attr_at_20253	data/raw/cizhi_oldid1560431.wikitext	20253	20265	樂笑翁警句	20247	20253	attribution_and_possible_editorial_note	〔真珠簾，近雅軒即事。〕	本候選不併正文，出處原有範圍待核
attr_at_20285	data/raw/cizhi_oldid1560431.wikitext	20285	20307	樂笑翁警句	20268	20285	attribution_and_possible_editorial_note	"〔同上。去病案：胡本脫卻字，今據本集補
。〕"	本候選不併正文，出處原有範圍待核
attr_at_20331	data/raw/cizhi_oldid1560431.wikitext	20331	20352	樂笑翁警句	20318	20331	attribution_and_possible_editorial_note	〔聲聲慢，西湖。去病案：胡本脫附註五字。〕	本候選不併正文，出處原有範圍待核
attr_at_20376	data/raw/cizhi_oldid1560431.wikitext	20376	20389	樂笑翁警句	20364	20376	attribution_and_possible_editorial_note	〔掃花游，高疏寮東野園。〕	本候選不併正文，出處原有範圍待核
attr_at_20415	data/raw/cizhi_oldid1560431.wikitext	20415	20433	樂笑翁警句	20400	20415	attribution_and_possible_editorial_note	〔台城路，杭友抵越，適湖漁舍會飲。〕	本候選不併正文，出處原有範圍待核
attr_at_20584	data/raw/cizhi_oldid1560431.wikitext	20584	20599	樂笑翁警句	20574	20584	attribution_and_possible_editorial_note	〔甘州，趙文升索賦散樂桂卿。〕	本候選不併正文，出處原有範圍待核
attr_at_20732	data/raw/cizhi_oldid1560431.wikitext	20732	20743	樂笑翁警句	20724	20732	attribution_and_possible_editorial_note	〔慶宮春，都下寒食。〕	本候選不併正文，出處原有範圍待核
attr_at_20762	data/raw/cizhi_oldid1560431.wikitext	20762	20776	樂笑翁警句	20754	20762	attribution_and_possible_editorial_note	〔霜葉飛，毗陵宅中聞老歌。〕	本候選不併正文，出處原有範圍待核
attr_at_20929	data/raw/cizhi_oldid1560431.wikitext	20929	20939	詞眼	20924	20929	attribution_and_possible_editorial_note	〔潘元質，倦尋芳。〕	本候選不併正文，出處原有範圍待核
attr_at_21069	data/raw/cizhi_oldid1560431.wikitext	21069	21079	詞眼	21064	21069	attribution_and_possible_editorial_note	〔李易安，如夢令。〕	本候選不併正文，出處原有範圍待核
attr_at_21129	data/raw/cizhi_oldid1560431.wikitext	21129	21138	詞眼	21124	21129	attribution_and_possible_editorial_note	〔前人，壺中天。〕	本候選不併正文，出處原有範圍待核
attr_at_21315	data/raw/cizhi_oldid1560431.wikitext	21315	21328	詞眼	21310	21315	attribution_and_possible_editorial_note	〔周美成，意難忘，美人。〕	本候選不併正文，出處原有範圍待核
attr_at_21453	data/raw/cizhi_oldid1560431.wikitext	21453	21466	詞眼	21448	21453	attribution_and_possible_editorial_note	〔吳夢窗，解蹀躞，別情。〕	本候選不併正文，出處原有範圍待核
attr_at_21625	data/raw/cizhi_oldid1560431.wikitext	21625	21630	詞眼	21620	21625	attribution_and_possible_editorial_note	〔王碧山〕	本候選不併正文，出處原有範圍待核
attr_at_21642	data/raw/cizhi_oldid1560431.wikitext	21642	21652	詞眼	21637	21642	attribution_and_possible_editorial_note	〔史梅溪，雙雙燕。〕	本候選不併正文，出處原有範圍待核
attr_at_21666	data/raw/cizhi_oldid1560431.wikitext	21666	21679	詞眼	21661	21666	attribution_and_possible_editorial_note	〔方千里，過秦樓，春思。〕	本候選不併正文，出處原有範圍待核
attr_at_21819	data/raw/cizhi_oldid1560431.wikitext	21819	21855	詞眼	21814	21819	attribution_and_possible_editorial_note	"〔高竹屋，齊天樂。竹屋詞及各選本皆作玉嬌香怨。去病案：別本正作
香怨。〕"	本候選不併正文，出處原有範圍待核
attr_at_21868	data/raw/cizhi_oldid1560431.wikitext	21868	21886	詞眼	21863	21868	attribution_and_possible_editorial_note	〔楊守齋，八六子，牡丹，次白雲韻。〕	本候選不併正文，出處原有範圍待核
attr_at_22006	data/raw/cizhi_oldid1560431.wikitext	22006	22015	詞眼	22001	22006	attribution_and_possible_editorial_note	〔楊西村，甘州。〕	本候選不併正文，出處原有範圍待核
attr_at_22141	data/raw/cizhi_oldid1560431.wikitext	22141	22146	詞眼	22136	22141	attribution_and_possible_editorial_note	〔前人。〕	本候選不併正文，出處原有範圍待核
attr_at_22159	data/raw/cizhi_oldid1560431.wikitext	22159	22175	詞眼	22154	22159	attribution_and_possible_editorial_note	〔李秋崖，青玉案，題草窗詞卷。〕	本候選不併正文，出處原有範圍待核
attr_at_22183	data/raw/cizhi_oldid1560431.wikitext	22183	22197	詞眼	22178	22183	attribution_and_possible_editorial_note	〔同上。去病案：晚一作曉。〕	本候選不併正文，出處原有範圍待核
attr_at_22289	data/raw/cizhi_oldid1560431.wikitext	22289	22304	詞眼	22284	22289	attribution_and_possible_editorial_note	〔王可竹，齊天樂，長安客賦。〕	本候選不併正文，出處原有範圍待核
attr_at_22318	data/raw/cizhi_oldid1560431.wikitext	22318	22329	詞眼	22313	22318	editorial_note_only	〔去病案：煙一作胭。〕	本候選不併正文，出處原有範圍待核
attr_at_22341	data/raw/cizhi_oldid1560431.wikitext	22341	22365	詞眼	22336	22341	attribution_and_possible_editorial_note	〔樓君亮，玉漏遲。去病案：陽春白雪為趙聞禮作。〕	本候選不併正文，出處原有範圍待核
attr_at_22557	data/raw/cizhi_oldid1560431.wikitext	22557	22571	詞眼	22552	22557	attribution_and_possible_editorial_note	〔玉田，長亭怨，別陳行之。〕	本候選不併正文，出處原有範圍待核
attr_at_22703	data/raw/cizhi_oldid1560431.wikitext	22703	22714	詞眼	22698	22703	attribution_and_possible_editorial_note	〔張東澤，祝英台近。〕	本候選不併正文，出處原有範圍待核
attr_at_22819	data/raw/cizhi_oldid1560431.wikitext	22819	22829	詞眼	22814	22819	attribution_and_possible_editorial_note	〔鍾梅心，步蟾宮。〕	本候選不併正文，出處原有範圍待核
attr_at_22842	data/raw/cizhi_oldid1560431.wikitext	22842	22858	詞眼	22837	22842	attribution_and_possible_editorial_note	〔公處靜，水龍吟，雪霽登吳山。〕	本候選不併正文，出處原有範圍待核
attr_at_22995	data/raw/cizhi_oldid1560431.wikitext	22995	23005	詞眼	22990	22995	attribution_and_possible_editorial_note	〔張寄閒，瑞鶴仙。〕	本候選不併正文，出處原有範圍待核
attr_at_23018	data/raw/cizhi_oldid1560431.wikitext	23018	23039	詞眼	23013	23018	attribution_and_possible_editorial_note	〔周草窗，三犯渡江雲。去病案：換集作喚。〕	本候選不併正文，出處原有範圍待核
attr_at_23175	data/raw/cizhi_oldid1560431.wikitext	23175	23183	詞眼	23170	23175	attribution_and_possible_editorial_note	〔前人，露華。〕	本候選不併正文，出處原有範圍待核
attr_at_23309	data/raw/cizhi_oldid1560431.wikitext	23309	23318	詞眼	23304	23309	attribution_and_possible_editorial_note	〔前人，月邊嬌。〕	本候選不併正文，出處原有範圍待核
attr_at_23449	data/raw/cizhi_oldid1560431.wikitext	23449	23490	詞眼	23444	23449	editorial_note_only	"〔詞未見。去病案：上四則胡氏均稱詞未見。今除三生春夢不可考，餘
均從草窗詞補入。〕"	本候選不併正文，出處原有範圍待核
