record_id	unit_id	segment_in_unit	token_index_in_segment	token	simp_start_in_unit	simp_end_in_unit	is_target_token
weijin__luyun_pingyuan_22	weijin__luyun_pingyuan_22__part01	0	0	云	0	1	False
weijin__luyun_pingyuan_22	weijin__luyun_pingyuan_22__part01	0	1	再拜	1	3	False
weijin__luyun_pingyuan_22	weijin__luyun_pingyuan_22__part01	0	2	张公藏	4	7	False
weijin__luyun_pingyuan_22	weijin__luyun_pingyuan_22__part01	0	3	诔	7	8	False
weijin__luyun_pingyuan_22	weijin__luyun_pingyuan_22__part01	0	4	自过	8	10	False
weijin__luyun_pingyuan_22	weijin__luyun_pingyuan_22__part01	0	5	五言诗	10	13	False
weijin__luyun_pingyuan_22	weijin__luyun_pingyuan_22__part01	0	6	耳	13	14	False
weijin__luyun_pingyuan_22	weijin__luyun_pingyuan_22__part01	1	0	但云自	15	18	False
weijin__luyun_pingyuan_22	weijin__luyun_pingyuan_22__part01	1	1	不便	18	20	False
weijin__luyun_pingyuan_22	weijin__luyun_pingyuan_22__part01	1	2	五言诗	20	23	False
weijin__luyun_pingyuan_22	weijin__luyun_pingyuan_22__part01	2	0	由己	24	26	False
weijin__luyun_pingyuan_22	weijin__luyun_pingyuan_22__part01	2	1	而言	26	28	False
weijin__luyun_pingyuan_22	weijin__luyun_pingyuan_22__part01	2	2	耳	28	29	False
weijin__luyun_pingyuan_22	weijin__luyun_pingyuan_22__part01	2	3	玄泰	30	32	False
weijin__luyun_pingyuan_22	weijin__luyun_pingyuan_22__part01	2	4	诔	32	33	False
weijin__luyun_pingyuan_22	weijin__luyun_pingyuan_22__part01	2	5	自	33	34	False
weijin__luyun_pingyuan_22	weijin__luyun_pingyuan_22__part01	2	6	不及	34	36	False
weijin__luyun_pingyuan_22	weijin__luyun_pingyuan_22__part01	2	7	士祚	36	38	False
weijin__luyun_pingyuan_22	weijin__luyun_pingyuan_22__part01	2	8	诔	38	39	False
weijin__luyun_pingyuan_22	weijin__luyun_pingyuan_22__part01	2	9	兄	40	41	False
weijin__luyun_pingyuan_22	weijin__luyun_pingyuan_22__part01	2	10	丞相	42	44	False
weijin__luyun_pingyuan_22	weijin__luyun_pingyuan_22__part01	2	11	箴	44	45	False
weijin__luyun_pingyuan_22	weijin__luyun_pingyuan_22__part01	2	12	少多	46	48	False
weijin__luyun_pingyuan_22	weijin__luyun_pingyuan_22__part01	2	13	不如	49	51	False
weijin__luyun_pingyuan_22	weijin__luyun_pingyuan_22__part01	2	14	女史	52	54	False
weijin__luyun_pingyuan_22	weijin__luyun_pingyuan_22__part01	2	15	清约	55	57	False
weijin__luyun_pingyuan_22	weijin__luyun_pingyuan_22__part01	2	16	耳	57	58	False
weijin__luyun_pingyuan_22	weijin__luyun_pingyuan_22__part01	3	0	恐兄	59	61	False
weijin__luyun_pingyuan_22	weijin__luyun_pingyuan_22__part01	3	1	无缘	61	63	False
weijin__luyun_pingyuan_22	weijin__luyun_pingyuan_22__part01	3	2	思	63	64	False
weijin__luyun_pingyuan_22	weijin__luyun_pingyuan_22__part01	3	3	于此	64	66	False
weijin__luyun_pingyuan_22	weijin__luyun_pingyuan_22__part01	3	4	意犹云何	67	71	False
weijin__luyun_pingyuan_22	weijin__luyun_pingyuan_22__part01	4	0	而	72	73	False
weijin__luyun_pingyuan_22	weijin__luyun_pingyuan_22__part01	4	1	况乃	73	75	False
weijin__luyun_pingyuan_22	weijin__luyun_pingyuan_22__part01	4	2	有	75	76	False
weijin__luyun_pingyuan_22	weijin__luyun_pingyuan_22__part01	4	3	高伦	76	78	False
weijin__luyun_pingyuan_22	weijin__luyun_pingyuan_22__part01	4	4	更复	79	81	False
weijin__luyun_pingyuan_22	weijin__luyun_pingyuan_22__part01	4	5	无意	81	83	False
weijin__luyun_pingyuan_22	weijin__luyun_pingyuan_22__part01	5	0	云	84	85	False
weijin__luyun_pingyuan_22	weijin__luyun_pingyuan_22__part01	5	1	故曰	85	87	False
weijin__luyun_pingyuan_22	weijin__luyun_pingyuan_22__part01	5	2	不	87	88	False
weijin__luyun_pingyuan_22	weijin__luyun_pingyuan_22__part01	5	3	作文	88	90	False
weijin__luyun_pingyuan_22	weijin__luyun_pingyuan_22__part01	5	4	而常少	91	94	False
weijin__luyun_pingyuan_22	weijin__luyun_pingyuan_22__part01	5	5	张	94	95	False
weijin__luyun_pingyuan_22	weijin__luyun_pingyuan_22__part01	5	6	公文	95	97	False
weijin__luyun_pingyuan_22	weijin__luyun_pingyuan_22__part01	6	0	今所作	98	101	False
weijin__luyun_pingyuan_22	weijin__luyun_pingyuan_22__part01	6	1	兄辄	102	104	False
weijin__luyun_pingyuan_22	weijin__luyun_pingyuan_22__part01	6	2	复云过	104	107	False
weijin__luyun_pingyuan_22	weijin__luyun_pingyuan_22__part01	6	3	之	107	108	False
weijin__luyun_pingyuan_22	weijin__luyun_pingyuan_22__part01	6	4	得作	109	111	False
weijin__luyun_pingyuan_22	weijin__luyun_pingyuan_22__part01	6	5	此公	111	113	False
weijin__luyun_pingyuan_22	weijin__luyun_pingyuan_22__part01	6	6	非	113	114	False
weijin__luyun_pingyuan_22	weijin__luyun_pingyuan_22__part01	6	7	便	115	116	False
weijin__luyun_pingyuan_22	weijin__luyun_pingyuan_22__part01	6	8	可	116	117	False
weijin__luyun_pingyuan_22	weijin__luyun_pingyuan_22__part01	6	9	斐然	117	119	False
weijin__luyun_pingyuan_22	weijin__luyun_pingyuan_22__part01	6	10	有所	119	121	False
weijin__luyun_pingyuan_22	weijin__luyun_pingyuan_22__part01	6	11	谢	121	122	False
weijin__luyun_pingyuan_22	weijin__luyun_pingyuan_22__part01	6	12	故	123	124	False
weijin__luyun_pingyuan_22	weijin__luyun_pingyuan_22__part01	6	13	自为	124	126	False
weijin__luyun_pingyuan_22	weijin__luyun_pingyuan_22__part01	6	14	不及	126	128	False
weijin__luyun_pingyuan_22	weijin__luyun_pingyuan_22__part01	7	0	诸碑	129	131	False
weijin__luyun_pingyuan_22	weijin__luyun_pingyuan_22__part01	7	1	藏辈	131	133	False
weijin__luyun_pingyuan_22	weijin__luyun_pingyuan_22__part01	7	2	甚极	133	135	False
weijin__luyun_pingyuan_22	weijin__luyun_pingyuan_22__part01	7	3	不足	136	138	False
weijin__luyun_pingyuan_22	weijin__luyun_pingyuan_22__part01	7	4	与校	138	140	False
weijin__luyun_pingyuan_22	weijin__luyun_pingyuan_22__part01	7	5	歌	141	142	False
weijin__luyun_pingyuan_22	weijin__luyun_pingyuan_22__part01	7	6	亦	142	143	False
weijin__luyun_pingyuan_22	weijin__luyun_pingyuan_22__part01	7	7	平平	143	145	False
weijin__luyun_pingyuan_22	weijin__luyun_pingyuan_22__part01	8	0	彼	146	147	False
weijin__luyun_pingyuan_22	weijin__luyun_pingyuan_22__part01	8	1	见人	147	149	False
weijin__luyun_pingyuan_22	weijin__luyun_pingyuan_22__part01	8	2	赞叙者	149	152	False
weijin__luyun_pingyuan_22	weijin__luyun_pingyuan_22__part01	8	3	当	153	154	False
weijin__luyun_pingyuan_22	weijin__luyun_pingyuan_22__part01	8	4	与	154	155	False
weijin__luyun_pingyuan_22	weijin__luyun_pingyuan_22__part01	8	5	令	155	156	False
weijin__luyun_pingyuan_22	weijin__luyun_pingyuan_22__part01	8	6	伯伦	156	158	False
weijin__luyun_pingyuan_22	weijin__luyun_pingyuan_22__part01	8	7	吴	158	159	False
weijin__luyun_pingyuan_22	weijin__luyun_pingyuan_22__part01	8	8	百官	159	161	False
weijin__luyun_pingyuan_22	weijin__luyun_pingyuan_22__part01	8	9	次第	161	163	False
weijin__luyun_pingyuan_22	weijin__luyun_pingyuan_22__part01	8	10	公卿	163	165	False
weijin__luyun_pingyuan_22	weijin__luyun_pingyuan_22__part01	8	11	名伯	165	167	False
weijin__luyun_pingyuan_22	weijin__luyun_pingyuan_22__part01	8	12	略尽	168	170	False
weijin__luyun_pingyuan_22	weijin__luyun_pingyuan_22__part01	8	13	识少	170	172	False
weijin__luyun_pingyuan_22	weijin__luyun_pingyuan_22__part01	8	14	交当	173	175	False
weijin__luyun_pingyuan_22	weijin__luyun_pingyuan_22__part01	8	15	具	175	176	False
weijin__luyun_pingyuan_22	weijin__luyun_pingyuan_22__part01	8	16	顷作	177	179	False
weijin__luyun_pingyuan_22	weijin__luyun_pingyuan_22__part01	8	17	颂	179	180	False
weijin__luyun_pingyuan_22	weijin__luyun_pingyuan_22__part01	8	18	及	180	181	False
weijin__luyun_pingyuan_22	weijin__luyun_pingyuan_22__part01	8	19	吴事	181	183	False
weijin__luyun_pingyuan_22	weijin__luyun_pingyuan_22__part01	8	20	有	184	185	False
weijin__luyun_pingyuan_22	weijin__luyun_pingyuan_22__part01	8	21	怆然	185	187	False
weijin__luyun_pingyuan_22	weijin__luyun_pingyuan_22__part01	8	22	且	188	189	False
weijin__luyun_pingyuan_22	weijin__luyun_pingyuan_22__part01	8	23	公传	189	191	False
weijin__luyun_pingyuan_22	weijin__luyun_pingyuan_22__part01	8	24	未成	191	193	False
weijin__luyun_pingyuan_22	weijin__luyun_pingyuan_22__part01	8	25	诸人	194	196	False
weijin__luyun_pingyuan_22	weijin__luyun_pingyuan_22__part01	8	26	所	196	197	False
weijin__luyun_pingyuan_22	weijin__luyun_pingyuan_22__part01	8	27	作	197	198	False
weijin__luyun_pingyuan_22	weijin__luyun_pingyuan_22__part01	8	28	多	199	200	False
weijin__luyun_pingyuan_22	weijin__luyun_pingyuan_22__part01	8	29	不尽	200	202	False
weijin__luyun_pingyuan_22	weijin__luyun_pingyuan_22__part01	8	30	理	202	203	False
weijin__luyun_pingyuan_22	weijin__luyun_pingyuan_22__part01	8	31	兄作	204	206	False
weijin__luyun_pingyuan_22	weijin__luyun_pingyuan_22__part01	8	32	之	206	207	False
weijin__luyun_pingyuan_22	weijin__luyun_pingyuan_22__part01	8	33	公私	207	209	False
weijin__luyun_pingyuan_22	weijin__luyun_pingyuan_22__part01	8	34	并	209	210	False
weijin__luyun_pingyuan_22	weijin__luyun_pingyuan_22__part01	8	35	叙	210	211	False
weijin__luyun_pingyuan_22	weijin__luyun_pingyuan_22__part01	8	36	且	212	213	False
weijin__luyun_pingyuan_22	weijin__luyun_pingyuan_22__part01	8	37	又	213	214	False
weijin__luyun_pingyuan_22	weijin__luyun_pingyuan_22__part01	8	38	非常	214	216	False
weijin__luyun_pingyuan_22	weijin__luyun_pingyuan_22__part01	8	39	业	216	217	False
weijin__luyun_pingyuan_22	weijin__luyun_pingyuan_22__part01	9	0	从云	218	220	False
weijin__luyun_pingyuan_22	weijin__luyun_pingyuan_22__part01	9	1	兄来作	221	224	False
weijin__luyun_pingyuan_22	weijin__luyun_pingyuan_22__part01	9	2	之	224	225	False
weijin__luyun_pingyuan_22	weijin__luyun_pingyuan_22__part01	9	3	今略	226	228	False
weijin__luyun_pingyuan_22	weijin__luyun_pingyuan_22__part01	9	4	已成	228	230	False
weijin__luyun_pingyuan_22	weijin__luyun_pingyuan_22__part01	9	5	甚复	231	233	False
weijin__luyun_pingyuan_22	weijin__luyun_pingyuan_22__part01	9	6	可	233	234	False
weijin__luyun_pingyuan_22	weijin__luyun_pingyuan_22__part01	9	7	借	234	235	False
weijin__luyun_pingyuan_22	weijin__luyun_pingyuan_22__part01	10	0	事少	236	238	False
weijin__luyun_pingyuan_22	weijin__luyun_pingyuan_22__part01	10	1	功夫	239	241	False
weijin__luyun_pingyuan_22	weijin__luyun_pingyuan_22__part01	10	2	亦	241	242	False
weijin__luyun_pingyuan_22	weijin__luyun_pingyuan_22__part01	10	3	易	242	243	False
weijin__luyun_pingyuan_22	weijin__luyun_pingyuan_22__part01	10	4	耳	243	244	False
weijin__luyun_pingyuan_22	weijin__luyun_pingyuan_22__part01	10	5	犹可	245	247	False
weijin__luyun_pingyuan_22	weijin__luyun_pingyuan_22__part01	10	6	得	247	248	False
weijin__luyun_pingyuan_22	weijin__luyun_pingyuan_22__part01	10	7	五十卷	248	251	False
weijin__luyun_pingyuan_22	weijin__luyun_pingyuan_22__part01	11	0	谨启	252	254	False
