segment_in_unit	sentence_index	start_in_unit	end_in_unit	sentence_contains_excluded_quote
0	0	0	10	0
1	1	10	54	0
2	2	54	72	0
3	3	72	84	0
4	4	84	100	0
5	5	100	108	0
6	6	108	196	0
7	7	196	206	0
8	8	206	227	0
9	9	229	249	0
10	10	249	286	0
11	11	286	296	0
12	12	296	310	0
13	13	310	317	0
14	14	317	324	0
15	15	324	336	0
16	16	336	347	0
17	17	347	355	0
18	18	355	366	0
19	19	368	392	0
20	20	392	400	0
21	21	400	421	0
22	22	421	434	0
23	23	434	442	0
24	24	444	450	0
25	25	450	464	0
26	26	464	479	0
27	27	479	503	0
28	28	505	520	0
29	29	520	534	0
30	30	534	550	0
31	31	550	591	0
32	32	591	606	0
33	33	606	622	0
34	34	622	643	0
35	35	643	680	0
36	36	680	708	0
37	37	708	723	0
